SetToDash,Name,UsageCount,Guess,ActualPositionId
,-,597,,ecf3928c-4df0-43e5-495f-08ded3809e91
,617-,170,,2e015690-0c95-4647-4985-08ded3809e91
,1902 -,60,,8406634e-0b46-4f60-49bc-08ded3809e91
,BORUCU EKİPBAŞI,31,,2fc10748-ee51-4c55-9aea-08ded5cfb542
,Süpervizör,30,,f2f36ffe-39f1-4c59-9ac9-08ded5cfb542
,mobilya montaj,28,,6b460301-f151-4350-9b06-08ded5cfb542
,.,23,review,ccaa164b-9374-4b0d-497c-08ded3809e91
,Kaynakçı postabaşı,22,,90707aa3-e741-4a0f-9b03-08ded5cfb542
,Borucu ekipbaşı,18,,f23ce2f3-ebeb-4dea-9acb-08ded5cfb542
,KAYNAKÇI POSTABAŞI,18,,957d5266-78ce-45c4-9ac1-08ded5cfb542
,Elektrik Mühendisi,12,,93f44103-91ae-4cdb-838b-08ded5cff1a6
,Kaynakçı,11,,f9bd4ab4-5d10-4588-835a-08ded5cff1a6
,Ekipbaşı (HRSG),10,,8639bef3-c63b-4f44-9af8-08ded5cfb542
,334-,9,,edc5a58c-50cc-452a-49b1-08ded3809e91
,MEKANİK EKİPBAŞI,9,,a40c1c49-62ef-4a0d-9b18-08ded5cfb542
,Saha Mühendisi,9,,1570fcd6-1164-4748-9ace-08ded5cfb542
,Ekipbaşı,8,,92e94e25-968b-4215-839b-08ded5cff1a6
,KAYNAKÇI,8,,fe0633d9-7d09-4120-9b02-08ded5cfb542
,Makine mühendisi,8,,f9b8216f-c5b8-4bf6-83e3-08ded5cff1a6
,BORUCU POSTABAŞI,7,,0d57c391-e262-46ba-838d-08ded5cff1a6
,MAKİNE MÜHENDİSİ,7,,688ee063-233a-4454-8457-08ded5cff1a6
,supervizor,7,,c64b13c3-2040-4b5b-9af2-08ded5cfb542
,Şantiye Şefi,7,,53367b53-22c9-4bac-9b2a-08ded5cfb542
,DEVREYE ALMA SÜPERVİZÖRÜ,6,,029ca7c1-4518-4e32-9ae4-08ded5cfb542
,EKİPBAŞI  - BORUCU,6,,2f2695cd-74b7-47c2-83c3-08ded5cff1a6
,elektrik formeni,6,,e0ca1657-5bfd-4fe2-84aa-08ded5cff1a6
,Elektrik teknikeri,6,,7b1cec65-7721-4d1d-9af4-08ded5cfb542
,ELEKTRİK SÜPERVİZÖRÜ,6,,1ae5d9ec-1e5d-44f7-83bf-08ded5cff1a6
,ENSTRÜMANTASYON VE KONTROL SÜPERVİZÖRÜ,6,,d139340b-3f8d-49fb-855c-08ded5cff1a6
,Proje Uzmanı,6,,8d8035c7-64f9-4978-8431-08ded5cff1a6
,PROJECT MANAGER,6,,ecd9349e-c097-47f5-84db-08ded5cff1a6
,Ustabaşı Ekipman Montajcı,6,,022f6bdd-a486-4b08-83e7-08ded5cff1a6
,İşletme Operatörü,6,,ffb1c6a8-09c5-454e-9b51-08ded5cfb542
,1462-,5,,b2839ed4-7d64-484c-498d-08ded3809e91
,221-,5,,e2c2fc35-7cba-49c7-4974-08ded3809e91
,2364-,5,,e989b365-cd6d-4c8f-4a0d-08ded3809e91
,741-,5,,1341ec43-8b56-4471-497b-08ded3809e91
,Assembly Team Leader,5,,246e3361-577a-4364-9b5d-08ded5cfb542
,BORUCU,5,,f2ee9bc1-171d-47a3-9acd-08ded5cfb542
,ELEKTRİK MÜHENDİSİ,5,,d9c67f88-264f-4778-9b3d-08ded5cfb542
,Field Technical Manager,5,,0eb0b5af-bd89-4e25-9aed-08ded5cfb542
,GE Süpervizör,5,,f24bbab5-58a6-4d4f-835d-08ded5cff1a6
,Kalite Kontrol Şefi,5,,3d6c6422-330c-4a71-8362-08ded5cff1a6
,Mechanical,5,,02020307-11c8-4c58-9b2d-08ded5cfb542
,mekanik ekip başı,5,,c5971d1c-b91b-4b4c-83d7-08ded5cff1a6
,Operatör,5,,92d0d672-ae17-42e3-9b4b-08ded5cfb542
,SAHA MÜHENDİSİ,5,,55ef38e0-36c3-4971-9b46-08ded5cfb542
,Saha Teknisyeni,5,,d0137e5f-eea6-4962-9b79-08ded5cfb542
,supervisor,5,,56d8c839-0e9d-4c20-9b59-08ded5cfb542
,supervizör,5,,71d4d941-087b-492e-8369-08ded5cff1a6
,Süpervizor,5,,5a747f5a-8cc4-46be-9b07-08ded5cfb542
,Süpervizör (Trafolar),5,,c7a0b2de-356a-4366-9b3a-08ded5cfb542
,SÜRÜCÜ,5,,402b2424-eee9-4dc0-9b39-08ded5cfb542
,USTABAŞI BORUCU,5,,0d873dec-7e3b-461c-9ae9-08ded5cfb542
,1003-,4,,091680fe-fca5-4cca-49c2-08ded3809e91
,1155-,4,,ae8885e6-a750-4f72-49df-08ded3809e91
,1345-,4,,7d07700a-8594-416d-49f4-08ded3809e91
,200-,4,,1d557798-0e09-426c-4978-08ded3809e91
,2310-,4,,9540578f-427e-4ff5-49ad-08ded3809e91
,ART 500 kv tap changer-teknık çalışmaları,4,,60887686-e7f6-4c2d-9b75-08ded5cfb542
,Borulama Süpervizörü,4,,3751e4e2-1a43-400d-83cb-08ded5cff1a6
,CHEMICAL CLEANING SUPERVISOR,4,,6a76fb5e-ef2e-4d37-9b08-08ded5cfb542
,Commissioning engineers,4,,0421db95-dbdd-462a-8365-08ded5cff1a6
,Electrical,4,,1e23635d-54d5-4938-85ed-08ded5cff1a6
,Elektrik Süpervizörü,4,,a72fecd0-f960-45a0-8565-08ded5cff1a6
,Elektrik tekniker (Eleketrik Tehnigi),4,,e633f675-76f9-42b7-844c-08ded5cff1a6
,Elektrik teknisyeni,4,,097728c2-7bcf-4477-850d-08ded5cff1a6
,Elektrik Ustası,4,,29ebdd35-3250-4fa7-83fd-08ded5cff1a6
,Field Engineer,4,,8815c8e4-a5ac-48d7-9b65-08ded5cfb542
,Formen,4,,6205c83e-66de-4b70-8435-08ded5cff1a6
,Full kaynakçı,4,,4dfa0f73-6dd8-480b-8375-08ded5cff1a6
,GAZ ALTI KAYNAKÇISI,4,,174ceb9c-8429-41bc-9ad1-08ded5cfb542
,Genel Müdür,4,,c92273a4-5a54-4d1d-835e-08ded5cff1a6
,HV Cable Chef jointer,4,,9716dfdd-45f3-4753-864c-08ded5cff1a6
,Lojistik şefi,4,,d394afdb-115a-4064-851b-08ded5cff1a6
,MECHANICAL TECHNICIAN,4,,d5d220f8-3ea4-4910-845c-08ded5cff1a6
,Mekanik Montaj Ekipbaşı,4,,4ddc58d5-6503-4e26-8606-08ded5cff1a6
,Mekanik Süpervizörü,4,,6639ce76-dd24-436c-850b-08ded5cff1a6
,Mekanik Teknisyen,4,,561ebf64-430c-49a0-9ad6-08ded5cfb542
,MEKANİK MONTAJ EKİPBAŞI,4,,e780641f-4565-4c37-8390-08ded5cff1a6
,Mobilization EDG and Transfer Switching,4,,0fa843b5-c881-45d1-84f6-08ded5cff1a6
,Mobilya Montaj İşçisi,4,,4dac663a-2096-4896-845a-08ded5cff1a6
,Proje Kontrol Uzmanı,4,,13d8d130-7e18-451b-8710-08ded5cff1a6
,Proje Kontrol Şefi,4,,5e121621-e4dd-4dbb-83b2-08ded5cff1a6
,Proje Koordinatörü,4,,e445594f-9bb9-4442-843e-08ded5cff1a6
,Proje müdür yardımcısı,4,,2d64874f-f037-4ded-9b13-08ded5cfb542
,Proje uzman yardımcısı,4,,9cdcfa81-2aab-4834-9b0a-08ded5cfb542
,Satınalma Şefi,4,,c1178c4c-7894-4ddd-83f5-08ded5cff1a6
,Technical Field Advisor,4,,96298e7e-a93a-4349-855f-08ded5cff1a6
,Teknik Denetim Şefi,4,,d836aff6-cf3f-4fd5-9b87-08ded5cfb542
,İnşaat mühendisi,4,,67fba8f1-fdbb-40f0-8594-08ded5cff1a6
,258-,3,,c2d38174-d976-4ca5-4968-08ded3809e91
,Aşçı,3,,0e6fed46-9d9d-4861-9afe-08ded5cfb542
,Balkanabat elektrik santralı,3,,b286be70-a2a9-4898-83b3-08ded5cff1a6
,Borucu postabaşı,3,,3aa7c949-51dd-45e4-9b1b-08ded5cfb542
,BORULAMA FORMENİ,3,,667709ff-33e6-4db8-9b35-08ded5cfb542
,Commissioning engineer,3,,87213a05-3bb8-45ce-8612-08ded5cff1a6
,Compressed Air System (Basınçlı Hava Sistemi) montaj ve devreye alma çalışmaları,3,review,d789ae76-ba7b-435c-85ae-08ded5cff1a6
,Düşük voltaj trafolarının montaj ve devreye alma çalışması,3,review,a6d168a4-745d-4402-835f-08ded5cff1a6
,Field Service Representative (Siemens Energy Turbomachinery AS),3,review,3dfcb780-92ff-4503-83cc-08ded5cff1a6
,gaz türbini soğutma sistemi uzmanları,3,,cbd0cbcb-5871-48f8-85f4-08ded5cff1a6
,JOİNTER,3,,78017233-cb86-40d9-8428-08ded5cff1a6
,JOİNTER/SUPERVİZOR,3,review,50fec838-4384-44a6-84ae-08ded5cff1a6
,Kalite kontrol mühendisi,3,,66c43b25-4972-490c-84c9-08ded5cff1a6
,Kalite Kontrol İnspektörü,3,,a10b2d0e-4455-496b-9b2f-08ded5cfb542
,kaynak mühendisi,3,,afca1fe9-4f19-4802-849d-08ded5cff1a6
,Lead Engineer,3,,121e67d4-816e-4c80-8415-08ded5cff1a6
,Mekanik Formeni,3,,9b96d9ab-f582-47a2-9ada-08ded5cfb542
,Mekanik İşler Ekipbaşı,3,,cf18170d-cd59-4e29-9b32-08ded5cfb542
,Mekanik Şefi,3,,aeb84ad7-f113-45d6-85a1-08ded5cff1a6
,MHI Mechanical Supervisor,3,,1eee5d7a-5758-47ee-8655-08ded5cff1a6
,MOBİLYA MONTAJ,3,,6dd2847e-1a76-4c6d-854e-08ded5cff1a6
,montaj,3,,70abf809-cada-47c0-84a7-08ded5cff1a6
,Muhasebe Uzmanı,3,,7a2506e2-ae27-4761-9b85-08ded5cfb542
,PROJE KONTROL ŞEFİ,3,,45396533-1deb-4e19-866d-08ded5cff1a6
,PROJE MÜDÜRÜ,3,,12a2144a-9904-4425-8403-08ded5cff1a6
,RMS sistemini devreye alma,3,,45fea8b2-af14-4e73-845f-08ded5cff1a6
,Satın Alma Uzmanı,3,,184051fe-ab85-42a7-8523-08ded5cff1a6
,Satınalma müdürü,3,,8d399af9-6989-48a4-85e1-08ded5cff1a6
,Satınalma Uzmanı,3,,a8a7fad9-d43e-4089-84af-08ded5cff1a6
,Service worker/supervisor,3,review,ce38c7a6-81f4-4748-8673-08ded5cff1a6
,Söfor,3,,fc9205b5-91ec-4412-9b77-08ded5cfb542
,Teknisyen,3,,86d49d8b-5f23-4ba5-83c9-08ded5cff1a6
,Topoğraf,3,,5860b464-86ca-4d46-9b7b-08ded5cfb542
,Türbin bakım ustası,3,,83d0ba40-6f37-4595-8405-08ded5cff1a6
,Vinç,3,,d4116fb5-19ce-48c9-9b78-08ded5cfb542
,ÇELİK MONTAJ EKİPBAŞI,3,,ff6e085e-dadc-4848-857f-08ded5cff1a6
,İnşaat Formeni,3,,2ef6608f-fa9f-42ea-9af7-08ded5cfb542
,İnşaat Teknikeri,3,,29339220-f213-4c51-847d-08ded5cff1a6
,İnşaat İşleri Şefi,3,,97bafb37-d12b-491b-9ae6-08ded5cfb542
,ŞANTİYE ŞEFİ,3,,c722eee9-848a-4249-9af6-08ded5cfb542
,Инженер,3,,e3e30d66-026c-4b91-844f-08ded5cff1a6
,...,2,review,d16e2348-1ec3-447b-83bb-08ded5cff1a6
,1007-,2,,26643346-df20-4528-4997-08ded3809e91
,2263-,2,,80393905-91ee-4514-49ea-08ded3809e91
,263-,2,,ec3fa2fd-b799-4439-49c1-08ded3809e91
,500kV Circuit Breaker expert,2,,abf8bb84-4e7f-4a43-8661-08ded5cff1a6
,Ahal WTP Tesisinin Devreye Alınması,2,,786f65dc-382a-4151-8524-08ded5cff1a6
,Aktüator montaj,2,,4c999f22-a5ef-47ef-85b8-08ded5cff1a6
,ambarcı,2,,765c66c5-eeae-4f8e-8531-08ded5cff1a6
,AVUKAT,2,,eab854cd-1b4b-4d41-9b60-08ded5cfb542
,Bakır kaynağı,2,,6fe5372c-6a7e-4e7a-8473-08ded5cff1a6
,Balkanabat Elektrık santralı,2,,7b0108c8-cbf9-4d8b-8512-08ded5cff1a6
,Boru Ekip Başı,2,,fd8e5dbf-8e30-4dc6-8607-08ded5cff1a6
,BORU EKİPBAŞI,2,,4214cebc-e659-4290-852a-08ded5cff1a6
,BORU FORMENİ,2,,123b8263-9ce8-4b80-8461-08ded5cff1a6
,Boru Montaj Ekipbaşı,2,,4b5d5468-5c6e-4765-9b43-08ded5cfb542
,Borulama Mühendisi,2,,4e94ea63-ad0b-400c-86c4-08ded5cff1a6
,BORULAMA MÜHENDİSİ,2,,3b5da7b1-9c33-4168-8552-08ded5cff1a6
,BORULAMA SÜPERVİZÖRÜ,2,,0de2a034-1c65-4e4d-83f8-08ded5cff1a6
,Circuit Breaker Supervisor,2,,ba443721-440b-4ea4-8522-08ded5cff1a6
,Commissioning Manager,2,,4f82f1ad-4654-4385-85f8-08ded5cff1a6
,Commissioning Mechanical Engineer,2,,afbbf52d-d2a1-4b74-868d-08ded5cff1a6
,Construction Manager,2,,897ae56d-8412-4fcc-85c1-08ded5cff1a6
,Credit-Suisse,2,,bbeb9059-a6aa-4f58-83a7-08ded5cff1a6
,DCS Engineer,2,,7f17a683-7554-4550-83d2-08ded5cff1a6
,Devreye Alma Elektrik Mühendisi,2,,52c6c90f-5f5e-4711-841d-08ded5cff1a6
,Devreye Alma Elektrik Teknikeri,2,,6e14bee3-3206-4e33-85a2-08ded5cff1a6
,DEVREYE ALMA ŞEFİ,2,,5e6472c0-1889-494a-8466-08ded5cff1a6
,devreyealma süpervizörü,2,,11e679eb-9378-4061-86b6-08ded5cff1a6
,Diesel jenerator -Borusan,2,,36c76c61-99ae-4c7e-83ca-08ded5cff1a6
,EKİPBAŞI,2,,39869f3b-2999-492a-8400-08ded5cff1a6
,Electrical  Foreman,2,,1b195460-0bb9-4843-869c-08ded5cff1a6
,Electrical  Supervisor,2,,b155c0e9-6d14-4d67-850c-08ded5cff1a6
,elektrik,2,,b9e3b3be-dacd-4c17-86dd-08ded5cff1a6
,Elektrik ekipbaşı,2,,0c597753-afd6-4a73-8445-08ded5cff1a6
,Elektrik grup şefi,2,,095cf2ca-7f08-4aea-838f-08ded5cff1a6
,Elektrik Şefi,2,,d8bf08f9-ec78-485e-9b6b-08ded5cfb542
,Elektrik-Elektronik teknisyeni,2,,3879a722-0996-4f56-8697-08ded5cff1a6
,elektrikçi,2,,245b8253-3b91-4514-862e-08ded5cff1a6
,ELEKTRİK FORMENİ,2,,93c60629-a9e6-48df-8381-08ded5cff1a6
,ELEKTRİK ZAYIF AKIM MONTAJ EKİPBAŞI,2,,b2fee13e-211c-41b4-83b1-08ded5cff1a6
,ENSTRÜMANTASYON VE KONTROL MÜHENDİSİ,2,,8d3bb899-c737-45f7-83e9-08ded5cff1a6
,Enstrümantasyon ve kontrol Süpervizörü,2,,d3e2c4ba-2135-4b02-8510-08ded5cff1a6
,Finans Şefi,2,,2a7542b7-d430-4a3b-83f0-08ded5cff1a6
,FİRMA SAHİBİ,2,,50784c60-5157-4f05-8378-08ded5cff1a6
,Gantry Yardımcı Personel,2,,c3926bff-d10e-49ba-8591-08ded5cff1a6
,Gaz türbini soğutma sistemi uzmanı,2,,9b91f361-8cd2-4b78-84c0-08ded5cff1a6
,GE Anaekipman Trafolarının montaj ve devreye alma işleri,2,review,3fed3761-6361-41c8-85fb-08ded5cff1a6
,GENEL FORMEN,2,,048b9011-4bcc-4bb9-9b86-08ded5cfb542
,Genel Müdür Yardımcısı,2,,918dacc5-26e0-4e25-8542-08ded5cff1a6
,Generator Specialist,2,,9d07be76-d871-4325-8616-08ded5cff1a6
,GRP boruların montaj kontrolleri,2,,d5cc42cd-1448-4e16-9b1f-08ded5cfb542
,GSUT Elektrik Montaj ve Devreye Alma Mühendisi,2,review,1b8a56dd-0e67-4be7-83b7-08ded5cff1a6
,haberleşme uzmanı,2,,76ac10e4-c382-4eb2-86e5-08ded5cff1a6
,I&C Montaj Ekipbaşı,2,review,4aa8fd7a-d3f0-4d7b-83da-08ded5cff1a6
,inşaat formeni,2,,208c2736-6fbf-489a-8676-08ded5cff1a6
,Kalite kontrol inspektörü,2,,9fcd3221-65a7-4ae1-841c-08ded5cff1a6
,Kalite müdürü,2,,87222dbf-2811-431b-9b3c-08ded5cfb542
,KALİTE KONTROL ŞEFİ,2,,6a5884ed-3241-48d5-84c6-08ded5cff1a6
,KAPLİN AYARCISI,2,,5eb11cc2-7eee-4bbf-84eb-08ded5cff1a6
,Kaynak formeni,2,,dd3bdeea-7dea-430f-864d-08ded5cff1a6
,Kimya Mühendisi,2,,91463c23-d099-4e3a-8371-08ded5cff1a6
,kontrol mühendisi,2,,544bb634-dc1b-4563-9abc-08ded5cfb542
,KYT-,2,,8e57e650-7de7-4e02-9af1-08ded5cfb542
,Leitner Türkiye teknisyenler,2,,bada97ce-4491-421a-8411-08ded5cff1a6
,LV Panel Süpervizör,2,,ba3e7cb6-e230-428e-84fb-08ded5cff1a6
,Machinery Diagnostics Engineer,2,,3262db86-b83c-41e1-9b26-08ded5cfb542
,Makina Teknikeri,2,,30aacb9a-4f1c-4a1f-9abb-08ded5cfb542
,Mali denetim uzmanı,2,,ec28a139-c83a-4310-8570-08ded5cff1a6
,Mechanical Engineer,2,,c30da96e-f1d6-41f7-8406-08ded5cff1a6
,Mechanical Supervisor,2,,8123813e-6570-4696-8669-08ded5cff1a6
,Mekanik EKİPBAŞI,2,,d3d5d542-c07f-4b1f-8469-08ded5cff1a6
,Mekanik Formen,2,,f3d45b75-c24e-414d-83b9-08ded5cff1a6
,mekanik isler sorumlusu,2,,83ea6d62-2ecd-4cff-8560-08ded5cff1a6
,Mekanik montaj ekipbaşi,2,,a7a9709d-1317-4a71-837c-08ded5cff1a6
,Mekanik montaj elemanı,2,,917f34fd-7acc-42ed-9b3e-08ded5cfb542
,Mekanik Montaj Süpervizörü,2,,f2d35bc8-f719-478b-9b53-08ded5cfb542
,Mekanik Müh.,2,review,e391d4d9-4831-4210-8518-08ded5cff1a6
,Mekanik Saha Mühendisi,2,,7b389311-3e3d-465d-8541-08ded5cff1a6
,Mekanik supervisor,2,,dc35b7fa-4ff5-44c4-9afd-08ded5cfb542
,Mekanik teknikeri,2,,8f9a44e3-bca0-463c-846e-08ded5cff1a6
,Mekanik Ustabaşı,2,,12e4479d-4d6f-407d-8397-08ded5cff1a6
,Mekanik İşler Postabaşı,2,,b1e651f5-3eec-4322-8626-08ded5cff1a6
,Mekanik İşler Süpervizörü,2,,1b930632-f452-4107-83f4-08ded5cff1a6
,MEKANİK SÜPERVİZÖRÜ,2,,dc6e487a-8bb9-404c-859d-08ded5cff1a6
,MEKANİK USTASI,2,,fd8d2990-397d-4951-9b6e-08ded5cfb542
,Montaj elemanı,2,,7cb9cc14-c1a5-4dbf-8652-08ded5cff1a6
,Montaj ve Devreye Alma Süpervizörü,2,,b9e76f4d-262a-45e9-8502-08ded5cff1a6
,Montajçı,2,,d9184a49-d871-4797-9b04-08ded5cfb542
,motor uzmanlarini,2,,1dcdef48-1339-4090-8506-08ded5cff1a6
,MUHASEBE ŞEFİ,2,,6f2329c3-ca8d-428f-8515-08ded5cff1a6
,Mv Switchgear Montaj ve devreye alma,2,,eed652e0-c2d7-4236-85df-08ded5cff1a6
,Mühendis,2,,717ddbe6-665f-4c87-84d4-08ded5cff1a6
,N2-O2 Generation System Comissioning Mühendisi,2,review,79674cfa-a5f7-4bd1-849a-08ded5cff1a6
,ON-SITE MACHINING TECHNICIAN,2,,47e7e2ec-0cb2-425d-9b24-08ded5cfb542
,Otomasyon Mühendisi,2,,baa78016-9ad7-4f9e-8593-08ded5cff1a6
,PA-UT OPERATÖRÜ,2,,238ccc8d-9d8e-4244-8496-08ded5cff1a6
,Partner at Allen & Overy LLP,2,review,90ba02c2-005c-4974-8527-08ded5cff1a6
,PLC Engineers,2,,404675c8-8e0e-48b7-85b3-08ded5cff1a6
,POSTABAŞI / BOP,2,review,4daf569e-01c9-485d-8470-08ded5cff1a6
,Proje direktörü,2,,308c0710-3871-416b-85ce-08ded5cff1a6
,PROJE KONTROL MÜHENDİSİ,2,,b9566892-97f1-4839-846b-08ded5cff1a6
,PROJE KOORDİNATÖRÜ,2,,460c0d8c-d985-40b3-83b5-08ded5cff1a6
,Proje Şefi,2,,323345c6-ce95-46b7-8425-08ded5cff1a6
,"RTU (Remote Terminal Unit), doğalgaz çevrim (CCGT) santrallerinde saha ekipmanları",2,review,f234cbaa-79cc-4528-83aa-08ded5cff1a6
,Saha Mekanik Mühendisi,2,,7a09814b-e5c5-41ff-85d0-08ded5cff1a6
,SAHA MİHENDİSİ,2,,10f311c9-9c2f-4711-837f-08ded5cff1a6
,Saha İnşaat Mühendisi,2,,5385201b-f254-4e65-84ab-08ded5cff1a6
,SAHA İNŞAAT MÜHENDİSİ,2,,ac188fa3-6ba3-470a-848d-08ded5cff1a6
,Sekondar Panel Süpervizör,2,,1c62a6dc-96ca-41cd-8645-08ded5cff1a6
,Self Cleaning Filter Süpervizörü,2,,d16ea1e1-346f-4545-8398-08ded5cff1a6
,Service Engineer,2,,40978660-b58d-42f0-8389-08ded5cff1a6
,Sieyuan’nin Montaj ve devreye alma süpervizörü,2,review,509fa2df-f9e7-4db6-842d-08ded5cff1a6
,Spmt Operatörü,2,,1a50f2c9-4bd0-46bd-9b83-08ded5cfb542
,Supervision of steam test on ASME 1 Valves,2,,1626892b-a6fa-4245-868f-08ded5cff1a6
,Süpervizör (Jeneratör),2,,6c8d2bad-0faa-4cc5-8424-08ded5cff1a6
,Süpervizör (Kesiciler),2,,124b2de4-60c8-49a1-84d5-08ded5cff1a6
,Süpervizörlük Hizmeti Talebi,2,,0354c26b-fb14-4fe4-852f-08ded5cff1a6
,SÜPERVİZOR,2,,3068eb0b-70aa-4975-853c-08ded5cff1a6
,TAIKAI’nin Montaj ve devreye alma süpervizörü,2,,baa1b6c5-8f48-47d2-84e9-08ded5cff1a6
,Technical field engineer,2,,624f528e-0f17-46b8-9b48-08ded5cfb542
,Technician,2,,6ccf4ac9-0df5-41ca-83d9-08ded5cff1a6
,Teknik Servis Mühendisi,2,,324b6a36-abc3-4616-8549-08ded5cff1a6
,TEKNİK OFİS MÜDÜRÜ,2,,7e1279ce-570c-4941-8468-08ded5cff1a6
,TEKNİSYEN,2,,bd61b8d6-c55b-4e67-83ae-08ded5cff1a6
,test ve devreye alma,2,,7c6d83b4-b8c0-426e-83b4-08ded5cff1a6
,TEST VE DEVREYE ALMA SÜPERVİZÖRÜ,2,,451afa71-c35d-4131-8558-08ded5cff1a6
,TFA - Generator Specialist,2,,3a82ec60-5ce1-42d6-83a2-08ded5cff1a6
,Trafo Süpervizörü,2,,1bc5afc2-6841-4e50-8429-08ded5cff1a6
,TRAFO SÜPERVİZÖRÜ,2,,5138f217-7fbe-40f0-8495-08ded5cff1a6
,Türbin motor ustası,2,,3d036462-dfb8-4021-8534-08ded5cff1a6
,TÜRBİN BORUCU EKİPBAŞI,2,,668c0bf3-688d-4220-846f-08ded5cff1a6
,USTABAŞI EKİPMAN MONTAJCI,2,,8850f1cb-1068-43da-84bc-08ded5cff1a6
,Vinç Operatörü,2,,237dd98d-bc9c-47ea-85d9-08ded5cff1a6
,Welder,2,,2a60ff7e-b6ab-4954-8467-08ded5cff1a6
,Yapım Müdürü,2,,666e3497-950d-43a4-8556-08ded5cff1a6
,çelik montaj FORMENI,2,,62c02058-be51-4d72-839a-08ded5cff1a6
,ÇELİK EKİPBAŞI-Polat gurnawlaryň topar başlygy,2,review,f822e1e0-9b50-4a79-86fa-08ded5cff1a6
,İdari İşler Şefi,2,,0d1cb0b7-f0d4-4476-9af9-08ded5cfb542
,İDARİ İŞLER ŞEFİ,2,,d4fa1655-8dce-4c88-85a6-08ded5cff1a6
,İnce İşler Formeni,2,,3d3409b2-e264-4468-83e4-08ded5cff1a6
,İNŞAAT MÜHENDİSİ,2,,6540d428-358e-4048-852d-08ded5cff1a6
,İSG-Ç SÜPERVİZÖRÜ,2,,d682ed91-03d0-472e-85fa-08ded5cff1a6
,İç Denetim Müdürü,2,,4b7dc5a2-27db-446a-84be-08ded5cff1a6
,İş Güvenlik Müdürü,2,,f0fa21ec-fe94-4129-8449-08ded5cff1a6
,İş Güvenlik Şefi,2,,56af7d12-07bb-4599-85e0-08ded5cff1a6
,İşletme elektrik bakımcısı,2,,72a9a082-b4cb-4c1c-9af0-08ded5cfb542
,"""General Electric"" kompaniýasy Global we möhüm müşderileriň işleri boýunça ýolbaşçy",1,review,07f05660-228d-4f81-86ed-08ded5cff1a6
,"""SCOPE OF SUPERVISION SERVICE""",1,,78aded04-475e-42f8-860b-08ded5cff1a6
,"- İş Geliştirme Genel Müdür Yardımcısı, Çalık Enerji",1,review,4bdd6839-6ae2-462a-9b56-08ded5cfb542
,/ QC İNSPEKTÖR  / BOP,1,review,e8e98400-3808-48fd-85b2-08ded5cff1a6
,1 216,1,,b6fba50f-7873-4ded-49d8-08ded3809e91
,110 kV kablo & ek montaj süpervizör,1,review,d0cee4f8-9f6e-44ef-8687-08ded5cff1a6
,110 kV kablo & ek montaj süpervizörler,1,review,d797395a-5bcc-4b4c-84bd-08ded5cff1a6
,1154-,1,,30c294c7-9200-4b4d-49e4-08ded3809e91
,1352-,1,,51b8db29-5779-40af-4a02-08ded3809e91
,140 -,1,,a57d8260-b342-4816-497a-08ded3809e91
,1968 -,1,,0eb3e0fc-4489-45f0-49e1-08ded3809e91
,2 043 -,1,,aa95f90e-f51d-4098-49e2-08ded3809e91
,2 274 -,1,,9b0a93fe-1a75-4386-4971-08ded3809e91
,2 486,1,,e1e3d075-a712-4af1-4a1e-08ded3809e91
,20 V DC & 48 V DC dağıtım panolarının devreye alma,1,review,90c258c3-c3ad-4083-871e-08ded5cff1a6
,2000082272 SAT No’lu NG GENERATOR montajı,1,,8c67dbdd-97b5-4f36-9b52-08ded5cfb542
,2008 -,1,,04c65516-1aa0-48e8-49f8-08ded3809e91
,209550-8-1-1226,1,,a158eb5f-44b9-4688-4982-08ded3809e91
,220 V DC we 48 V DC dağıtım panolarının devreye alma,1,review,c928860d-4e13-4a32-84fd-08ded5cff1a6
,2203-,1,,6ee0f2c0-e3b4-4e92-4a06-08ded3809e91
,2288-,1,,187facec-0bc8-4b18-49ff-08ded3809e91
,2296 -,1,,1163989b-f5f2-4d74-4a1d-08ded3809e91
,2326-,1,,cff92538-4c14-42c8-49e9-08ded3809e91
,243420-1-2-2000,1,,ac69ef60-a22a-4b9e-49ef-08ded3809e91
,259,1,,96b73f48-5612-44cb-496e-08ded3809e91
,2703 -,1,,dd8f9e76-0483-4caf-4998-08ded3809e91
,273,1,,c66ccfdc-3270-4ae3-49c9-08ded3809e91
,285-,1,,9ae7ec78-c124-4103-49b9-08ded3809e91
,2x16 MVA transformatörlerin ekspertizi,1,,dd626152-a8c9-4b17-86d7-08ded5cff1a6
,478,1,,f8aa1cd4-d520-46ec-49a2-08ded3809e91
,"500 kV, 3 fazlı, yağlı tip, değişken şönt reaktörün montaj ve devreye alma çalışmalarını",1,review,37d8c770-e0dd-4a69-85b1-08ded5cff1a6
,696 -,1,,408d8eca-fb20-436d-49ed-08ded3809e91
,785-,1,,9e1c3801-7ac8-4691-4a15-08ded3809e91
,873-,1,,c50bd9fb-1976-47cc-49be-08ded3809e91
,888-,1,,ae69bab0-618e-4eb5-49cb-08ded3809e91
,9-,1,,bd966c48-ae0b-452f-4984-08ded3809e91
,946 -,1,,9d694546-1594-4b8c-49c7-08ded3809e91
,972 -,1,,7591b457-f925-474c-49b4-08ded3809e91
,ADMİN CHİEF,1,,b8d6e2ea-1410-42d4-845e-08ded5cff1a6
,Advising at MARY3 Plant ICS commissioning,1,,bdbe1c5e-312c-493f-8497-08ded5cff1a6
,After Sales Engineer,1,,7452d055-f55b-4a71-870e-08ded5cff1a6
,AGC sisteminin kurulumunda çalışacak,1,,e8e8e43a-e90d-48f8-8417-08ded5cff1a6
,AGC sistemleri,1,,300499cc-0655-4dc0-9b4e-08ded5cfb542
,AHAL WTP Yazılım Supervisorluğu,1,,50ec80fd-88a1-43a0-8725-08ded5cff1a6
,Ahal-TFM-Mary ve Lebap sahalarinda,1,,741167db-50dd-4bdb-859c-08ded5cff1a6
,Ahal-TFM-Mary ve Lebap sahalarinda turbun control sistemi bakim calismalari,1,review,814de7a5-b35c-4261-83fc-08ded5cff1a6
,Ahal-TFM-Mary-Lebap,1,,aac012cc-851c-4d21-84f2-08ded5cff1a6
,AKASU firma sahibi,1,,60944336-3a56-436f-8582-08ded5cff1a6
,AKASU firması süpervizörü,1,,d3198035-22ff-46eb-83af-08ded5cff1a6
,Algılama ve ihbar sistemi,1,,6ed9113a-51a9-447c-836d-08ded5cff1a6
,ALMS GE punch çalışmaları,1,,f80d09aa-8fe1-4e9f-85b6-08ded5cff1a6
,aluminyum montaj işleri  saha formenı,1,,f3db4418-d4b7-4019-8648-08ded5cff1a6
,AMBAR MEMURU,1,,74032d1d-ac15-41f4-867d-08ded5cff1a6
,Ambar sorumlusu,1,,17a58206-d9fb-4de8-86f3-08ded5cff1a6
,Ambar Sorumlusu-Ammaryň dolandyryjysy,1,,c7cd0a4d-b4ae-4a64-8574-08ded5cff1a6
,Ambar ve Satınalma sorumlusu,1,,23d48cc3-d4b8-494e-84b0-08ded5cff1a6
,AMBAR ŞEFİ,1,,1df2cafc-76fe-442c-84dc-08ded5cff1a6
,AMBARCI,1,,d694f1c3-4bac-48a9-9b73-08ded5cfb542
,Ana Veri Ve Süreç Yönetimi Uzmanı,1,,d7968435-7333-42b9-8583-08ded5cff1a6
,Ana Veri Ve Süreç Yönetimi Uzmanı-,1,,e960fe70-eced-4d91-86fe-08ded5cff1a6
,Architect-Project Management,1,,5f7cba85-8998-4f6c-8447-08ded5cff1a6
,ARGON KAYNAKÇISI,1,,5fb58d81-c463-4933-84b9-08ded5cff1a6
,ARMTEK supervizörü,1,,d96ca924-bb6d-4785-9afc-08ded5cfb542
,Associate at Allen & Overy LLP,1,review,6f03098b-f4f8-484e-860e-08ded5cff1a6
,ATR 500 kV tap changer problemlerinin çözümüne yönelik teknik çalışmalar,1,review,352383b2-de11-479a-854f-08ded5cff1a6
,AUTOMATIC GENERATION CONTROL Sistemi’nin kurulmasında ve devreye alınmasında,1,review,a67e9bb8-97eb-4686-86b9-08ded5cff1a6
,AUTOMATIC GENERATION CONTROL Sistemi’nin kurulmasında ve devreye alınmasında görev alacak,1,review,02641af1-5198-4094-843b-08ded5cff1a6
,Ağır Kaldırma Mühendisi,1,,2db650d9-92c8-4170-857e-08ded5cff1a6
,Ağır kaldırma Süpervizörü,1,,258dd6e7-58a5-4cb2-86d1-08ded5cff1a6
,Ağır montaj mühendisi,1,,b500aafc-2fa1-409a-860d-08ded5cff1a6
,Ağır Nakliye Şoförü -Hidrolik dorse operatörü,1,,3fb48279-27aa-4603-844e-08ded5cff1a6
,AŞKABAT MERKEZ OFİS MÜDÜRÜ,1,,d2785599-9a59-4b12-8586-08ded5cff1a6
,Aşçy,1,,96f50e04-444b-4be3-9b34-08ded5cfb542
,Bakım Süpervizörü,1,,73387b7f-04b5-4075-867c-08ded5cff1a6
,Balkanabat elektrik santral,1,,fe38800b-4528-4d3a-86bc-08ded5cff1a6
,Balkanabat elektrik santrali,1,,c4b00835-8bd1-4cce-856c-08ded5cff1a6
,Baş inžener,1,,174e9efb-549d-47af-850f-08ded5cff1a6
,BAŞ SUPERVİZÖR,1,,c9de8f60-ff87-4826-8500-08ded5cff1a6
,Bently Nevada’nın Devreye alma mühendisidir.,1,review,996d8216-00fa-4d9c-847b-08ded5cff1a6
,Berksan  – Genel Müdür,1,,bc3f8a97-b166-4d69-84b4-08ded5cff1a6
,Bir toplantı için gelecek,1,,f6865035-610a-404b-85cf-08ded5cff1a6
,Blading specialist lead,1,,f71627ec-781a-48db-9aef-08ded5cfb542
,BOP / EKİPBAŞI,1,review,9c30df94-4085-4e82-8756-08ded5cff1a6
,BOP Boru Formeni,1,,b0dcc4e8-38eb-4df2-8551-08ded5cff1a6
,BOP kapsamı boru ekipbaşı,1,,38315886-c205-482e-9b82-08ded5cfb542
,BOP MEKANİK EKİPBAŞI,1,,095ad382-bf27-4015-8416-08ded5cff1a6
,BOP QA/QC personeli,1,review,3ea4d0c5-9e2a-4162-85e8-08ded5cff1a6
,Bordro Ve Özlük İşleri Şefi-Ücretlendirme Ve İk Analitiği Müd.,1,review,39b296f9-b013-422d-8443-08ded5cff1a6
,borescope inspection,1,,e93f87e3-991a-4461-8532-08ded5cff1a6
,boru ekipbaşı,1,,3e0f77e1-45dd-4e18-848b-08ded5cff1a6
,BORU EKİP BAŞI,1,,21d648a8-e3c7-4c70-870c-08ded5cff1a6
,Boru Formeni,1,,418f20e5-5542-4973-8604-08ded5cff1a6
,Boru hattının ölçü sistemlerinin mühendisi,1,,78bcfb62-c239-45cb-8631-08ded5cff1a6
,Boru montaj ekipbaşi,1,,8648fda0-3751-45fb-9ac2-08ded5cfb542
,BORU MONTAJ EKİPBAŞI,1,,fffb4126-949b-413b-838e-08ded5cff1a6
,BORU MÜHENDİSİ,1,,3e80c292-e2b5-4603-84ed-08ded5cff1a6
,BORU POSTABAŞI,1,,0a27544d-6210-44d0-8509-08ded5cff1a6
,Boru supervisor,1,,a016375e-19e9-4a94-869d-08ded5cff1a6
,boru teknikeri,1,,480531fd-947a-45c8-8571-08ded5cff1a6
,BORU/KAYNAK İNSPEKTÖRÜ,1,review,8e324eed-720b-4f0f-84ce-08ded5cff1a6
,borucu supervizoru,1,,e672f4d9-381c-4fd1-83a6-08ded5cff1a6
,borucu ustabaşı,1,,bcf4d848-5933-48d2-85da-08ded5cff1a6
,BORUCU-Postabaşi,1,,b9f29a14-6cd2-47db-8576-08ded5cff1a6
,BORUCU  EKİPBAŞI,1,,08640365-1f86-431b-869b-08ded5cff1a6
,Borulama dizayn teknikeri,1,,9bb5d421-4a86-41e8-870f-08ded5cff1a6
,Borulama Formeni,1,,92980dd7-3296-4d7e-857a-08ded5cff1a6
,Borulama kaynak süpervizörü,1,,789bc87e-ffb0-4096-85ac-08ded5cff1a6
,Borulama mekanik dizayn teknisyeni,1,,d096216e-5c98-47b9-857d-08ded5cff1a6
,Borulama Mühendislik Şefi,1,,2b4a979e-f89f-4831-8579-08ded5cff1a6
,"Borulama Ve Yerleşim Şefi, Teknovizyon",1,,f441a0cc-1206-4513-8548-08ded5cff1a6
,BUCKET SPECIALIST,1,,48298f4a-bcac-4b5d-84ee-08ded5cff1a6
,Bucket Specialist II,1,,00fd5e9c-ab90-4aea-854d-08ded5cff1a6
,BUCKET TECHNICIAN,1,,82e98d1a-96dd-4bfe-85e4-08ded5cff1a6
,Buhar Türbini Mühendisi,1,,d055fd15-4b2b-4b52-8580-08ded5cff1a6
,Buhar Türbini Uzmanı,1,,ffd76558-ce2e-4d30-859e-08ded5cff1a6
,Business Development Manager,1,,3deec51f-4f54-4e50-9ad5-08ded5cfb542
,Bypass stack system-otomasyon çalışmaları,1,,dfd20f33-105c-4922-846c-08ded5cff1a6
,Centerline Formen,1,,0d65705b-1a84-405f-9ac8-08ded5cfb542
,CENTERLİNE FORMENİ,1,,163d7f14-c119-4f7c-8637-08ded5cff1a6
,CF INDUSTRIAL ELECTRIC-QA/QC Engineer,1,review,9c73882a-dd3c-4c6d-848c-08ded5cff1a6
,CHEMICAL CLEANING,1,,a0e9a813-a642-4e14-841b-08ded5cff1a6
,Chemical Unloading sistemini devreye almak için gelecek olan PLC otomasyon uzmanı,1,review,192befe7-1e05-4c37-8679-08ded5cff1a6
,cis bölgesi satış müdürü,1,,d1ac2c0b-f298-4f7c-836b-08ded5cff1a6
,"Civil engineer, Fire Door Consultant",1,,6698f932-8291-4b8a-86a5-08ded5cff1a6
,Coating process lead tech.,1,review,b6695fc4-7216-4326-8520-08ded5cff1a6
,Comissioning Engineer,1,,c164875d-da8b-4f2a-8561-08ded5cff1a6
,Commercial Director of Zarmen Group / Vice President of Elektrobudowa,1,review,ec2b0628-431f-47af-8394-08ded5cff1a6
,Commerzbank,1,,326a9a34-1500-45c0-854c-08ded5cff1a6
,Commissioning C&I Engineer,1,review,fdd5c773-25b1-4e6a-8684-08ded5cff1a6
,Commissioning C&I Engineer and Commissioning Process Engineer,1,review,2b6fbf41-3851-4db5-9b3f-08ded5cfb542
,Commissioning I&C Engineer,1,review,2395e3f0-f131-45a7-86f1-08ded5cff1a6
,Commissioning Liquid ring pump systems,1,,67d6f8a0-73c6-4f40-862b-08ded5cff1a6
,Commissioning Mechanical Engineer and Commissioning Process Engineer,1,review,f24eec09-d4ac-4d53-845d-08ded5cff1a6
,Commissioning of CAE & WBP LRP’s,1,review,71b1b22d-bfdb-4c2b-8386-08ded5cff1a6
,COMPANY OWNER,1,,9ce0de95-64eb-4903-873f-08ded5cff1a6
,CONDENSER POLISHING SYSTEM kurulum süpervizörü,1,review,fd9185c9-6953-4820-86d6-08ded5cff1a6
,condenser tube cleaning system comissioning engineer,1,review,d6eb63ba-52e7-4a06-8588-08ded5cff1a6
,condenser tube cleaning system comissioning technical advisor,1,review,98807636-ac17-4200-86f9-08ded5cff1a6
,Construction – Deputy Manager,1,,4f70ba77-67a0-4e3b-840a-08ded5cff1a6
,Control Engineer,1,,d6eabe8a-e6a7-4cf8-85f1-08ded5cff1a6
,Control TA,1,,3d4b779b-b615-420b-8373-08ded5cff1a6
,Controls T/A,1,review,21ea9ab6-ed6b-4162-86b7-08ded5cff1a6
,Controls TA,1,,db284fdb-e72d-4049-83e8-08ded5cff1a6
,Coo &  İcra Kurulu Üyesi,1,review,e96e55be-3786-4457-8422-08ded5cff1a6
,Cooling Tower montaj ve devreye alma süpervizör,1,review,d3244c34-7895-4794-85f0-08ded5cff1a6
,Crane Erection Electrical Supervisor/Elektrik Teknisyeni,1,review,d9b0cdc0-ef1f-4fd6-85eb-08ded5cff1a6
,Customer Projects Technical Leader,1,,b0c3ac14-3be8-46b7-84c3-08ded5cff1a6
,customer training,1,,642b1954-abf2-4590-8609-08ded5cff1a6
,DC/UPS sistemini devreye alma-supervizor,1,review,af3ebca5-e764-4cc3-9b11-08ded5cfb542
,DCS Sistem süpervizörü,1,,302cda48-7b15-4164-86e2-08ded5cff1a6
,DEMINERALIZED TREATMENT PLANT instrumentation commissioning engineer,1,review,9ed0f387-bc5d-4cf2-83dc-08ded5cff1a6
,Demineralized Water Plant Supervisor,1,,a1d43de7-98b9-45dc-8597-08ded5cff1a6
,Denetim,1,,92cfe34e-f883-4a1c-9b2c-08ded5cfb542
,denetim grubu,1,,365cc121-3cbe-4c66-849e-08ded5cff1a6
,denetim uzmanı,1,,f9beddab-d7cb-4738-9b61-08ded5cfb542
,DENETİMCİ,1,,6c00f833-7e24-49ae-84d8-08ded5cff1a6
,DEPO SORUMLUSU,1,,4313454f-8efb-4c08-9afa-08ded5cfb542
,DEPO ŞEFİ,1,,da5fa157-f656-4561-8501-08ded5cff1a6
,Deputy Contract Manager,1,,e5152fd0-d66e-4c47-83fe-08ded5cff1a6
,"Deputy Manager, Unit Equipment Engineering Group",1,review,ec7a2ab1-a528-461b-8384-08ded5cff1a6
,Design Engineer,1,,9ffaaf1c-948b-4a76-86b4-08ded5cff1a6
,Devreye Alma Kimyageri,1,,1c673993-0c4a-4811-8559-08ded5cff1a6
,Devreye Alma Koordinatörü-Işe göýberiş işleriniň utgaşdyryjysy,1,review,1308b204-4764-4fc1-85d7-08ded5cff1a6
,Devreye alma makine mühendisi,1,,80b1d29f-d6b8-428d-858d-08ded5cff1a6
,Devreye alma mekanik mühendisi,1,,50719bbc-aa05-4e35-85be-08ded5cff1a6
,Devreye alma mekanik süpervizörü,1,,7adfaf7c-f460-48ca-83c5-08ded5cff1a6
,Devreye alma mekanik Teknisyeni,1,,3839694c-78ef-4534-8356-08ded5cff1a6
,Devreye Alma Mekanik Şefi,1,,f66cb95f-d5e6-4113-8590-08ded5cff1a6
,DEVREYE ALMA MEKANİK TEKNİKERİ,1,,108a3dc3-a2ad-4d75-8459-08ded5cff1a6
,Devreye Alma Müdürü,1,,c52a8a64-af5a-48a0-8691-08ded5cff1a6
,Devreye alma mühendisidir,1,,7ec42c1d-d5ca-425f-8757-08ded5cff1a6
,Devreye alma süpervizörü,1,,146230e3-4052-414e-860f-08ded5cff1a6
,Devreye alma süpervizörü ( Process Pump ),1,,371d39f6-25e5-4e5e-8408-08ded5cff1a6
,Devreye alma süpervizörü ( Process Pump),1,,7acf822b-479f-46b4-849f-08ded5cff1a6
,Devreye Alma süpervözü,1,,d695da77-bdc7-4e57-9ae1-08ded5cfb542
,Devreye Alma Teknisyeni,1,,a08156a7-21ea-4c1c-863a-08ded5cff1a6
,Diesel jenerator-Borusan,1,,61a9d14f-07b7-41ec-8599-08ded5cff1a6
,Doküman Kontrol Uzmanı,1,,44a0b3ee-64d2-4acb-83bd-08ded5cff1a6
,Dolandyryjy inžener,1,,fcc5cd9d-323b-4cbd-9b66-08ded5cfb542
,Dredger Operator,1,,9593cbf7-6ea4-473a-836a-08ded5cff1a6
,Döküman Kontrol Şefi,1,,0f4a866d-96d2-4bfb-9b7f-08ded5cfb542
,DİZAYN ELEK MÜHENDİSİ,1,,0cbab160-5ae6-4314-85ba-08ded5cff1a6
,Dış Ticaret uzman yardımcısı,1,,9b77564f-143e-4ac1-8538-08ded5cff1a6
,E&I Süpervizörü (EBOP işleri),1,review,a1d3f8f7-faa5-491a-85c2-08ded5cff1a6
,Ekipbaşı (Ebop),1,,76a24c8a-7c07-4385-8696-08ded5cff1a6
,Ekipbaşı (Tank işleri),1,,d7dc4c9f-d5b1-42c1-8420-08ded5cff1a6
,ekipmanların elektriksel montajı ve devreye alma çalışmalarını yürütecektir,1,review,b09a3844-d45d-4800-9ac0-08ded5cfb542
,EKİPBAŞI / TESİSAT İŞLERİ,1,review,2dbd235b-f373-4154-84ea-08ded5cff1a6
,EKİPBAŞI BOP,1,,4732ac88-d5cd-482d-8629-08ded5cff1a6
,EKİPBAŞİ,1,,ac4f5566-ea8b-42e4-8475-08ded5cff1a6
,EKİPMAN MONTAJÇI,1,,0a06001a-5a6f-450f-83a1-08ded5cff1a6
,Electrcial Engineer,1,,06f83e17-ad85-40c0-84d9-08ded5cff1a6
,Electrical and controls TA,1,,9aa9d8fa-b35b-404d-8499-08ded5cff1a6
,"Electrical engineer, Technical field advisor",1,,5af9f793-facd-4dad-85ad-08ded5cff1a6
,Electrical Foreman,1,,af719cc2-c0a2-48af-8677-08ded5cff1a6
,Electrical Heater süpervizörü,1,,cd891244-ec0b-4256-8547-08ded5cff1a6
,ELECTRICAL INSTRUCTOR,1,,8d9da844-a01d-44f5-9b4a-08ded5cfb542
,Electrical Technical Field Advisor/Support installation of thermal plant,1,review,9b1946f0-4607-47b1-8481-08ded5cff1a6
,Electrical TFA,1,,551a7c05-8187-4776-84a5-08ded5cff1a6
,Elektirk enstrüman teknikeri,1,,ce117786-5d3b-4fe4-83bc-08ded5cff1a6
,Elektrik ekip başı,1,,96d2e3f0-06d9-4cd1-862f-08ded5cff1a6
,Elektrik Formeni-Elektrika  proraby,1,,3c719b75-fef7-46ae-86c1-08ded5cff1a6
,Elektrik genel supervizor,1,,20131766-2e28-4673-8555-08ded5cff1a6
,Elektrik grup,1,,347c1615-ca57-44bf-8503-08ded5cff1a6
,elektrik hattı montaj süpervizörü,1,,63ba768f-8e04-4a01-9b4d-08ded5cfb542
,Elektrik Montaj Ekipbaşı,1,,a129fd49-93ec-4a7f-8617-08ded5cff1a6
,Elektrik montaj elemanı,1,,9a067de9-bc81-48d4-9b80-08ded5cfb542
,Elektrik montaj elemanı-Electrıcal assembly worker,1,review,330dc53e-f6f5-4b79-8678-08ded5cff1a6
,Elektrik montaj supervizöru,1,,81613712-17b4-493f-84c7-08ded5cff1a6
,Elektrik Montaj ve Devreye Alma Süpervizör,1,,00ea0e69-01ee-475d-84ef-08ded5cff1a6
,Elektrik Müdür Yardımcısı-Elektrik Birimi,1,,b0b3017c-9f52-4e84-8494-08ded5cff1a6
,Elektrik Müdürü,1,,b45ec344-ce5d-441d-872e-08ded5cff1a6
,Elektrik Mühendis Şefi,1,,c1ee8623-6b4a-4724-86e0-08ded5cff1a6
,Elektrik Mühendisi-taze-Elektrik şefi-10 ay,1,,4caf8bf0-9fb2-4624-86cb-08ded5cff1a6
,Elektrik Mühendislik Müdürü,1,,574304b4-97b6-4088-8644-08ded5cff1a6
,Elektrik Mühendislik Şefi,1,,3b0bfc84-fe52-4716-8698-08ded5cff1a6
,Elektrik Pano montaj işçisi,1,,e024a872-c954-4ceb-8585-08ded5cff1a6
,Elektrik Postabaşı,1,,58c56c8f-bffd-4107-86eb-08ded5cff1a6
,Elektrik supervisor,1,,b7518b76-5e5b-4862-84dd-08ded5cff1a6
,elektrik superwizoru,1,,8a3cd4a1-d6f8-4809-872b-08ded5cff1a6
,Elektrik Süpervizörü-Elektrik işleriniň gözegçisi,1,review,ef4991cf-493e-480e-8584-08ded5cff1a6
,Elektrik Tasarım Teknikeri,1,,90fb9c2d-0460-4bf4-86df-08ded5cff1a6
,Elektrik tehniki maslahatçy,1,,f9528b5f-46d0-44b5-8421-08ded5cff1a6
,Elektrik Teklif Müdürü,1,,3339107a-b91f-4e62-860a-08ded5cff1a6
,Elektrik teklif şefi,1,,af862db7-d016-44b5-86cc-08ded5cff1a6
,Elektrik teknisyeni (elektrik tehnigi),1,,f1365d96-9004-4836-9b7c-08ded5cfb542
,Elektrik tesis işletme bakım işçisi,1,,2d6c0f3a-891a-4537-870d-08ded5cff1a6
,Elektrik ve ST binasına alınan döner kapının montajı,1,review,d66058f8-c44e-4969-8455-08ded5cff1a6
,Elektrik – Elektronik Teknisyeni,1,,81d47899-9d74-40b2-8639-08ded5cff1a6
,Elektrikçi-RTU,1,,e72b1d85-5e52-4d28-8444-08ded5cff1a6
,ELEKTRİK - KALİTE KONTROL MÜHENDİSİ-Installation Director Europe,1,review,d82f5968-a975-4a6c-9b30-08ded5cfb542
,ELEKTRİK ELEKTRONİK MÜHENDİSİ,1,,d6a99018-6c5e-4ef7-851f-08ded5cff1a6
,ELEKTRİK GRUP ŞEFİ,1,,13a4d7a7-bc12-411e-843c-08ded5cff1a6
,ELEKTRİK SÜPERVİZOR,1,,e0b3916d-b3b9-4b14-83cf-08ded5cff1a6
,ELEKTRİK TEKNİKERİ-2-Enstruman işleri supervizörü,1,review,689b8fbb-b5e0-46a9-83ac-08ded5cff1a6
,ELEKTRİK YAPIM ŞEFİ,1,,f81a20bf-a16d-4578-83e6-08ded5cff1a6
,EMEK ELEKTRIK ENDUSTRISI A.S.-Genel müdür ýardymjysy,1,review,d6c6ac39-0725-4f2f-9b6d-08ded5cfb542
,ENERGY INVESTMENTS DIRECTORATE-ELECTRICAL ELECTORNICS ENGINEER,1,review,a2ebf2bc-66c1-4125-83db-08ded5cff1a6
,Enerji fuarı maket kurulumu için gelecektir,1,,8b69dad2-7866-4ec7-83a3-08ded5cff1a6
,enerji nakil hattı süpervizörü,1,,a4cc8f7f-048c-4a01-8426-08ded5cff1a6
,Engineer,1,,1dd0e2fd-897a-47df-8682-08ded5cff1a6
,Enspektör,1,,e7e8e654-538d-4359-866e-08ded5cff1a6
,"Enstrüman ve Kalibrasyon Süpervizörü (Ebop işleri),Elektrik I&C formeni",1,review,c1fc63e7-0619-4f8a-86a4-08ded5cff1a6
,Enstrüman ve Kontrol Müdürü,1,,7769381d-31dc-4393-844b-08ded5cff1a6
,Enstrümantasyon kontrol mühendisi,1,,c7d1cbfd-d671-4e58-86d9-08ded5cff1a6
,ENSTRÜMANTASYON VE KONTROL FORMENİ,1,,21bb55d0-af0b-4d6d-8628-08ded5cff1a6
,Enstrümantasyon Ve Kontrol Müdürü,1,,39cebe98-4357-4f7f-83f6-08ded5cff1a6
,Enstrümantasyon Ve Kontrol Mühendisi-Mühendislik Müdürlüğü-BOE we gözegçilik inženery,1,review,16c8ebe0-5215-408a-9b6c-08ded5cfb542
,Enstrümantasyon ve kontrol şefi,1,,75de5676-8030-449d-866b-08ded5cff1a6
,Enstürman Ekipbaşı (Ebop işleri),1,,231c0e0c-22a2-430a-9b62-08ded5cfb542
,Enstürman grup,1,,81750c08-4321-468a-8596-08ded5cff1a6
,Enstürman Tubing Formeni (Ebop işleri),1,,dbfdb724-cdd8-4922-8544-08ded5cff1a6
,EPC TAAHHÜT OPERASYONLARI DİREKTÖRÜ,1,,df8faadd-259f-47df-868e-08ded5cff1a6
,"EPC uygulama genel müdür yardımcısı,Taslama düzmek, satyn almak we gurluşyk",1,review,cdd916cc-dc34-4567-83ff-08ded5cff1a6
,EQS MANAGER,1,,d1482fc1-493d-477b-85b9-08ded5cff1a6
,Esasy hünärmeni,1,,2ae47f2b-ae2b-4fc6-85cb-08ded5cff1a6
,Excitation and Control Systems Instructor,1,,db6c96f7-9b01-4a3b-9b58-08ded5cfb542
,expansion joint enspektörü,1,,9a843467-d70e-4677-86a6-08ded5cff1a6
,expansion joint süpervizörü,1,,8f50acce-f33b-455c-8619-08ded5cff1a6
,farklı tip pompaların devreye alma,1,,cddb7b78-a4d1-4a62-86b2-08ded5cff1a6
,Field Service Engineer (GT Control Markvie),1,,e10dbe70-60e4-4298-9abd-08ded5cfb542
,Finans Direktör,1,,cef702b1-d80d-4d84-9abe-08ded5cfb542
,Finans Koordinatörlüğü -Finans Koordinatörü,1,,ee01cb3e-06f7-4227-9ac7-08ded5cfb542
,Finans ve Tahsilat Müdürü,1,,be8c6bb6-d6f7-4529-8592-08ded5cff1a6
,Finansal İlişikiler ve Planlama Koordinatörü,1,,f14e8ed1-9471-42fc-8480-08ded5cff1a6
,Finansal İşler,1,,fc652295-377a-445f-9adb-08ded5cfb542
,"Firma sahibi, makina muhendisi",1,,1c0e5b8f-382d-441c-864a-08ded5cff1a6
,firma sahibi-supervizör,1,,98d10f58-67dc-4b09-85e5-08ded5cff1a6
,Fita Süpervizör,1,,f0d21c13-35e1-480f-9acf-08ded5cfb542
,Foreman,1,,5902df4a-36b2-4ddf-850e-08ded5cff1a6
,Foreman of 520 Radiator Line,1,,9a0a5102-9948-4f6b-8357-08ded5cff1a6
,FORMEN KAYNAK VE İZOLASYON,1,,b87dfc70-d498-4719-839c-08ded5cff1a6
,"Forwarder (Expeditor), ""TECHNO WEST LTD» LLP",1,,f536bbd5-0076-4200-9b67-08ded5cfb542
,"FRA ölçümü,Test Lab. Ustabaşısı",1,,70817155-9d78-4801-9b7d-08ded5cfb542
,FULL KAYNAKÇI,1,,a6c379dc-4861-483a-83d4-08ded5cff1a6
,Gantry Formeni,1,,818b2cac-94b6-4422-858b-08ded5cff1a6
,GANTRY OPERATOR,1,,e1b86c14-653b-4328-86b0-08ded5cff1a6
,GANTRY OPERATÖR,1,,1a26e074-e7f9-4290-83c0-08ded5cff1a6
,Gantry Personeli,1,,a33933b1-9c14-4813-8730-08ded5cff1a6
,Gantry-SPMT Formeni,1,,b2949ac2-856e-469a-8581-08ded5cff1a6
,Gap inşaat,1,,08d4441b-8a3d-46b2-9adf-08ded5cfb542
,Gas and Steam Turbines maintenance.,1,review,a0348b70-5ac7-4e87-9b00-08ded5cfb542
,Gas Generator - okuw,1,,87dda7f8-c80a-45b0-9b0d-08ded5cfb542
,Gas Turbine Mechanical Technical Advisor,1,,0597f9c7-e6a1-42c1-847e-08ded5cff1a6
,Gas türbini ve buhar türbinlerinin elektrik işlerinden sorumlu,1,review,ecfc4573-622a-4c99-8492-08ded5cff1a6
,Gaz Türbini Makine Mühendisi,1,,efb8e3a5-ee6f-4387-86b3-08ded5cff1a6
,Gaz Türbini Sistem Mühendisi,1,,bb083cbc-da78-4770-8453-08ded5cff1a6
,GAZ VE BUHAR TURBİNİ MEKANİK TEKNİK BAKIM SÜPERVİZÖRÜ,1,review,345d28ce-9ccb-4ad2-83be-08ded5cff1a6
,GE proje müdiri,1,,67cab12f-4ccf-46b2-8665-08ded5cff1a6
,Genel müdir,1,,ac9f32f1-42f4-443c-8685-08ded5cff1a6
,Genel Müdürü,1,,744a91f5-965c-46c7-8442-08ded5cff1a6
,Generator Diagnostic Engineer,1,,5c20fccf-5f8d-4adf-9ad4-08ded5cfb542
,Generator Diagnostic Specialist,1,,7c9f586a-7aae-4c9b-874d-08ded5cff1a6
,Generator Diagnostics Engineer,1,,93d51704-dfc6-4608-9aff-08ded5cfb542
,Generator TA,1,,4ed845ca-e105-4a0e-84fa-08ded5cff1a6
,Generator Technical Advisor,1,,adaac8cd-807c-4ca2-83ce-08ded5cff1a6
,Generator Testing Engineer.,1,review,f76ed664-5e77-490e-8477-08ded5cff1a6
,Global Field Service Engineer,1,,2a59129e-0cc0-45bb-8748-08ded5cff1a6
,Goýberiş-sazlaýyş işleriň departamentynyň ýolbaşçysy,1,review,b04c4139-cabc-47bd-85e9-08ded5cff1a6
,GSUT ve ATR sistemleri devreye alma,1,,8d9267df-da73-462d-836c-08ded5cff1a6
,GT Control TA,1,,1094cfd2-77ac-49be-8396-08ded5cff1a6
,Gurnama mehanigi,1,,a74286d6-e0df-4c83-8699-08ded5cff1a6
,Güç jeneratorinin montaj ve devreye alma çalışması,1,review,2722d5d9-f0ab-4dd0-9b0e-08ded5cfb542
,Haberlesme Uzmani,1,,e75143b5-c455-4e63-8376-08ded5cff1a6
,Harita teknikeri,1,,53cfcf17-61ec-4506-86f2-08ded5cff1a6
,HARİTA MÜHENDİSİ,1,,028c4e43-fa4d-427a-8368-08ded5cff1a6
,Havalandırma Formeni,1,,98f5143a-1350-4524-863e-08ded5cff1a6
,Head of International Sales and Services,1,,598d01e9-d588-4d44-86f4-08ded5cff1a6
,Heavy Lifting Süpervizör,1,,e4fc8874-46e4-418f-8454-08ded5cff1a6
,HGP component engineer -Gyzgyn gaz liniýasynyň degişli bölekleri boýunça inžener,1,review,ae814ed7-83fe-4273-8683-08ded5cff1a6
,Hidrolik Dorse Operatörü,1,,0a0f9732-2b80-4432-85d4-08ded5cff1a6
,Hidrolik Operatörü,1,,110fc580-5a06-4b87-861c-08ded5cff1a6
,Hidrolik Süpervizör,1,,e34a10b1-6236-4922-855d-08ded5cff1a6
,Hil gözegçilik,1,,5ef9d769-e4d0-4f21-858c-08ded5cff1a6
,Hizmet Satınalma Uzmanı,1,,f95ffc17-9368-40a0-8738-08ded5cff1a6
,Holding hukuk müşaviri,1,,b4d66238-e615-4237-846a-08ded5cff1a6
,HRSG ekibi-POSTABAŞI,1,,8d7ec18e-1b3f-4c93-8623-08ded5cff1a6
,HRSG EKİPBAŞI,1,,70c64940-4c80-457c-85ee-08ded5cff1a6
,HRSG EKİPBAŞI-Gazan-utilizator desgasynyň topar başlygy,1,review,28a75634-e24d-47dc-9b5a-08ded5cfb542
,HRSG Mekanik Montaj Formeni,1,,a93830ef-c970-40d4-8437-08ded5cff1a6
,HRSG POSTABAŞI,1,,f064f339-6260-4056-86ec-08ded5cff1a6
,HRSG Senior Engineer,1,,41e27b94-14a2-4e63-83ab-08ded5cff1a6
,HRSG TA,1,,1c257a31-9e28-411b-9b33-08ded5cfb542
,HRSG Warranty engineer,1,,7230192f-a095-45a1-8535-08ded5cff1a6
,HRSG Warranty manager,1,,c747709d-6a25-4484-8366-08ded5cff1a6
,HRSG Şantiye Şefi,1,,b99d1d05-cfa3-4321-8750-08ded5cff1a6
,"HRSG, BOP ve mekanik tesisat montaji Ekipbaşı",1,,c984b1aa-22c1-40be-8694-08ded5cff1a6
,HSE birimi,1,,cec843f4-22ff-490b-8374-08ded5cff1a6
,HSE CHİEF,1,,9472112a-978e-47eb-84e2-08ded5cff1a6
,HSE MÜHENDİSİ,1,,75ba527f-e3fb-4b23-84c1-08ded5cff1a6
,HSE personeli,1,,a00bece0-be05-4306-8614-08ded5cff1a6
,HSE Süpervizörü (BOP Mekanik işleri),1,,9538fbba-8412-443f-85db-08ded5cff1a6
,HSE SÜPERVİZÖRÜ,1,,414bd3ff-ee07-469f-84c5-08ded5cff1a6
,HSE şefi ( İş güvenliği),1,,f7bfa0d2-2c92-4b71-8681-08ded5cff1a6
,HSE Şefi (Tank Montajı),1,,b48db5c0-0095-493f-86e8-08ded5cff1a6
,Hukuk direktoru,1,,777601bc-46ea-4dd6-871c-08ded5cff1a6
,hukuk koordonatörü,1,,ee9a8809-a9aa-4b02-8620-08ded5cff1a6
,Hukuk ve Uyum Genel müdür yardımcısı,1,,12aad6d4-a2e7-4ce8-8602-08ded5cff1a6
,"Hydraulic Trailer Operator ""Öznakliyat Karataşımacılığı A.Ş.""",1,review,76ed3e10-8e86-4ce3-837a-08ded5cff1a6
,"Hydraulic trailer operator at ""Öznakliyat Karataşımacılığı A.Ş.""",1,review,6fd20afc-457f-4e3a-8643-08ded5cff1a6
,HYDRAULICS TECHNICIAN,1,,98e9b0ed-bf3c-459f-84f7-08ded5cff1a6
,Hypochloride Generation System Kurulumu Elektrik Süpervizörü,1,review,de417e44-7277-4636-8412-08ded5cff1a6
,Hypochloride Generation System Kurulumu Elektrik İşleri Direktörü,1,review,183ba5e6-a1a3-4059-8755-08ded5cff1a6
,Hypochloride Generation System Kurulumu Makina Süpervizörü,1,review,da3c39ad-14ba-4cc1-86ce-08ded5cff1a6
,Hypochloride Generation System Kurulumu Montaj Süpervizörü,1,review,e2d5f7df-b0a1-4c57-9b10-08ded5cfb542
,Hypochloride Generation System Kurulumu Operasyon Direktörü,1,review,5d2d459e-9ccb-42fd-856d-08ded5cff1a6
,Hypochloride Generation System Kurulumu Teknik Koordinatörü,1,review,0d385a0e-6831-4214-9ad7-08ded5cfb542
,I&C Commissioning Engineer,1,review,2aee4c7f-14f9-4736-86b1-08ded5cff1a6
,I&C Mühendisi,1,review,3982175e-4f18-4ead-9b49-08ded5cfb542
,I&C MÜHENDİSİ,1,review,6fc64630-2c88-4d02-84d3-08ded5cff1a6
,I&C SÜPERVİSÖR,1,review,3ee9236c-fdc4-42fc-84cc-08ded5cff1a6
,I&C SÜPERVİZÖRÜ,1,review,9a80a142-958e-4361-854a-08ded5cff1a6
,I&C TECHNICIAN,1,review,5e55528a-8dd2-4c02-84f1-08ded5cff1a6
,I&C şefi,1,review,74e744f6-52e4-4df6-84ca-08ded5cff1a6
,ICS Commissioning Engineer,1,,96acd906-947e-488f-83c4-08ded5cff1a6
,Instrumen Specialist Engineer,1,,445cf3b5-81cf-4bfa-840b-08ded5cff1a6
,Instrument Specialist,1,,ff3dd2f7-0756-45c9-9b23-08ded5cfb542
,Integrirlenen dolandyryş ulgamlary,1,,e9c0a790-6928-4269-9b29-08ded5cfb542
,Intermediate Tester,1,,73836bb4-925e-4cb7-869f-08ded5cff1a6
,International Welding Engineer,1,,ab1d62e1-2767-450f-9b37-08ded5cfb542
,Inžener,1,,7aff7983-e006-4966-8536-08ded5cff1a6
,Inženerler müdiri,1,,a35450e4-2229-47d7-8568-08ded5cff1a6
,IPBD montaj ve devreye alma çalışmaları,1,,69c46d2d-a27d-4da9-84a4-08ded5cff1a6
,ISG Uzmanı,1,,cfe55196-5bf9-48a0-86db-08ded5cff1a6
,ISYSTEMS OTOMOSYON MÜDÜRÜ,1,,45590e0d-a93e-4375-84e8-08ded5cff1a6
,ISYSTEMS PROJE MÜDÜRÜ,1,,e0eb3b25-e8c1-4d09-86ac-08ded5cff1a6
,iş geliştirme müdürü,1,,783ecfca-51cf-4b7c-85c3-08ded5cff1a6
,iş Güvenlik ŞEFİ,1,,df4f71ff-17ee-46eb-841e-08ded5cff1a6
,iş güvenlık müdürü,1,,fe769d1b-a30d-4b1c-84fe-08ded5cff1a6
,işçi (dış cephe kaplama),1,,01027d14-abaa-4109-86e9-08ded5cff1a6
,jenerator süpervizörü,1,,1fe18f1d-387e-483b-8557-08ded5cff1a6
,jeoloji mühendisi,1,,33244cd5-f1ca-415b-9b41-08ded5cfb542
,kaba işler teknikeri,1,,da63936a-2e03-45e3-83eb-08ded5cff1a6
,KABA İŞLER FORMENİ,1,,9fb54777-db37-4e7d-836e-08ded5cff1a6
,Kalibrasion teknikeri,1,,db934720-4b96-43a3-86dc-08ded5cff1a6
,Kalite Güvence ve Kontrol Müdürü,1,,47e6d690-22a5-4487-86ff-08ded5cff1a6
,Kalite Güvence ve Kontrol Uzmanı,1,,f533e664-53cd-4c7d-9b50-08ded5cfb542
,Kalite kontrol borulama inspektorü,1,,348298fd-b044-4a2c-8695-08ded5cff1a6
,Kalite Kontrol Borulama Uzmanı,1,,699d63f4-472c-4234-873b-08ded5cff1a6
,Kalite Kontrol Elektrik Mühendisi,1,,189c39a2-6349-4c49-83fb-08ded5cff1a6
,Kalite kontrol grup şefi,1,,80c812e8-3687-4c93-84d2-08ded5cff1a6
,kalite kontrol inspektorü,1,,65cb499b-3fc1-4f80-85dc-08ded5cff1a6
,Kalite Kontrol Koordinatörü,1,,1f4aea2e-1383-4f2c-83d8-08ded5cff1a6
,Kalite kontrol mekanik inspektörü,1,,f4324e8a-4fdf-4df8-9aca-08ded5cfb542
,Kalite Kontrol Mekanik İnspektörü,1,,0f39370f-ceb9-4f4f-86fb-08ded5cff1a6
,Kalite Mühendisi,1,,96399eb5-da7e-4edd-862d-08ded5cff1a6
,Kalite Şefi (Tank Montajı işleri),1,,5aac92f0-364f-4be2-86c5-08ded5cff1a6
,KALİTE GÜVENCE MÜDÜRÜ,1,,311e2c28-2de6-44f7-84c8-08ded5cff1a6
,KALİTE KONTROL BOYA İNSPEKTÖRÜ,1,,c9c4b42f-ae79-4d5d-9b1d-08ded5cfb542
,KALİTE KONTROL MEKANİK İNSPEKTÖRÜ,1,,6c58f82f-844f-4711-84f5-08ded5cff1a6
,KALİTE KONTROL MÜHENDİSİ,1,,17028978-ebd6-46dc-8714-08ded5cff1a6
,KALİTE KONTROL TEKNİKERİ,1,,dee392bb-6d17-4f82-8413-08ded5cff1a6
,Kalıte kontrol grup şefi,1,,1f31ceb9-3d17-4323-9ae8-08ded5cfb542
,Kamp Amiri,1,,7a6f4181-3156-48d9-8578-08ded5cff1a6
,KAMP AMİRİ,1,,8c67195f-ce41-48af-8460-08ded5cff1a6
,Kantar Süpervizörü,1,,16f9a26b-6930-4ef0-86bd-08ded5cff1a6
,KAYNAK MÜHENDİSİ,1,,c499a9ba-28e0-46c4-843d-08ded5cff1a6
,Kaynak postabaşı,1,,a21bec6c-7f9b-4f74-83d3-08ded5cff1a6
,Kaynak İşçisi,1,,64d2fad0-4517-43f5-8726-08ded5cff1a6
,Kaynakçı (Tank işleri),1,,6f3f48bc-5e27-412a-86c0-08ded5cff1a6
,Kaynakçı (Tank Montajı),1,,53f1695a-92a0-4213-85aa-08ded5cff1a6
,KAZI & DOLGU FORMENİ,1,review,64e2fbb9-8ef9-49a3-84d1-08ded5cff1a6
,Kazı Dolgu Formeni,1,,cdabcc01-658e-4b78-842a-08ded5cff1a6
,Kesir Yetkilisi,1,,53c90106-33e8-44ee-875e-08ded5cff1a6
,Kesir Yetkilisi/finans koordinatörü,1,review,2c10b8c9-1cbe-45bf-8382-08ded5cff1a6
,Kesir Yetkilisi/genel müdür,1,review,54c25a9f-3af5-4b32-8671-08ded5cff1a6
,Kidemli Hukuk Ve Uyum Müşaviri,1,,ed579e24-6751-426c-8507-08ded5cff1a6
,Kontrat uzmanı,1,,dd14fd79-0561-48eb-86c9-08ded5cff1a6
,Kontrat Uzmanı-Kontrat Müdürlüğü,1,,062e5637-aee4-4aac-8734-08ded5cff1a6
,KONTRATLAR MÜDÜRÜ,1,,e4542fb9-c2e1-4f07-83c2-08ded5cff1a6
,Kontrol sistem supervizörü,1,,f8650db9-6e33-486a-9adc-08ded5cfb542
,KOORDİNATÖR,1,,e8c70ac1-cfe9-4ae2-8525-08ded5cff1a6
,KOORDİNATÖR/BORU HATLARI RAFİNERİ DİREKTÖRLÜĞÜ,1,review,b04ba7c6-ed6e-487e-8752-08ded5cff1a6
,KUMLAMA BOYAMA FORMENİ,1,,f0bf51b2-fe72-4f22-8493-08ded5cff1a6
,Kurumsal Finansman Müdürü,1,,7c3b47a0-0ba4-44de-8618-08ded5cff1a6
,Kurumsal Strateji ve Planlama Koordinatörü,1,,6960343b-8184-4518-8566-08ded5cff1a6
,Kurumsal ve Yapılandırılmış Finansmen Koordinatörü,1,review,34227c9a-8a81-47ed-9b69-08ded5cfb542
,Kurumsal İletişim Müdürü /Korporatiw kommunikasiýalar boýunça iş dolandyryjysy,1,review,2dff0543-6cfc-493c-9b5c-08ded5cfb542
,Kurumsal İletişim Ve Sürd. Gmy,1,,3dbc3bf6-29da-4c13-8554-08ded5cff1a6
,KURUMSAL İŞLER MÜDÜRÜ,1,,4b4377bb-5a00-4b28-84ac-08ded5cff1a6
,KYM Projesi Ana Veri ve Süreç Yönetimi Şefi,1,,bf51d819-155f-4595-8717-08ded5cff1a6
,KYM Projesi Planlama uzmanı,1,,c4865c8f-cb5a-4f9c-8439-08ded5cff1a6
,KYT Proje Kontrol Müdürü,1,,60f7dd7e-2e04-4ac2-868b-08ded5cff1a6
,KYT Proje Müdür Yardımcısı,1,,96c1afc2-87df-4dd1-9ad8-08ded5cfb542
,Köprülü Vinç Opr.,1,review,79e1fa55-ce43-48ee-8577-08ded5cff1a6
,Kıdemli Proje Mühendisi-Proses Ve Mekanik Müdürlüğü,1,review,7a6b75ce-30d0-411a-846d-08ded5cff1a6
,Lead DCS Commissioning Engineer,1,,8bef158e-ab52-4e7b-9b45-08ded5cfb542
,Lead engineer - Civil construction,1,,cdf61578-d554-4a07-9b17-08ded5cfb542
,Lead Engineer - Field Services,1,,c5988c16-fd9e-4085-9b76-08ded5cfb542
,Lead Engineer – Mechanical Component,1,,ff8f0d4b-71ab-4907-8587-08ded5cff1a6
,"Lead Engineer, machine foundation specialist",1,,a3720b2b-0643-41b8-867a-08ded5cff1a6
,Lead Field Engineer,1,,8cd6501f-c40c-4138-8516-08ded5cff1a6
,Lead Field Service Engineer,1,,a750075a-44ba-453f-9b12-08ded5cfb542
,Lead Machinery Diagnostic-gas türbini ve generatörlerin çalışması titreşim (vibrasyon) ölçümleri,1,review,11dabc6b-5f0e-47dc-84b7-08ded5cff1a6
,Lead MDS,1,,968782bc-89b7-4347-853a-08ded5cff1a6
,Lead Mechanial Engineer TA,1,,f84cc55e-d50b-4224-839e-08ded5cff1a6
,Lead NCM Engineer,1,,27ee823c-7817-4165-9ae7-08ded5cfb542
,Lead Training Specialist,1,,b472ecc2-ec06-4197-9b21-08ded5cfb542
,Lead Training Specialist - Instructor,1,,3a8278ab-2b13-42cb-85cc-08ded5cff1a6
,Lead Winder,1,,bab2e87f-84b3-440b-86a8-08ded5cff1a6
,Lebap Sahasında Genaratör yatak değişimi,1,,37bae160-090f-45f5-8563-08ded5cff1a6
,Lifting Süpervizörü,1,,fba5def7-8d73-49dc-8651-08ded5cff1a6
,Liojistik Direktörü,1,,616756ff-0aeb-4b42-8704-08ded5cff1a6
,LM6000 Bakım,1,,49c940a5-ce04-40cc-8486-08ded5cff1a6
,LM6000 supervizor,1,,8335c8fc-4f54-45c6-8663-08ded5cff1a6
,Lm6000 turbunlerinin GE Turkiye sorumlusudur-Isveren gorusmeleri ve saha durumlarini incelemek,1,review,7743ec01-392a-4822-9b09-08ded5cfb542
,LOGISTICS,1,,62471997-957c-41e1-8724-08ded5cff1a6
,Logistics Asst. Specialist,1,,601c0074-ce17-41b2-8705-08ded5cff1a6
,Logistics sales and pricing specialist,1,,f9519b34-5824-414d-86be-08ded5cff1a6
,"Logistics Specialist at ""Öznakliyat Karataşımacılığı A.Ş.""",1,review,58b3eda6-9396-4f1f-8728-08ded5cff1a6
,Lojistik direktörü,1,,27949bdb-e71c-45f6-83de-08ded5cff1a6
,Lojistik Koordinatörü,1,,8310e079-aa71-4972-868c-08ded5cff1a6
,Lojistik Müdürü,1,,d93ef72b-fa75-401e-9b38-08ded5cfb542
,Lojistik Operasyon Bölümü-Operasyon Uzmanı,1,,5cd90427-c95d-46dd-873c-08ded5cff1a6
,Lojistik uzman yardımcısı,1,,2be567f9-0ac2-4678-8662-08ded5cff1a6
,Lojistik Uzmanı,1,,eb20e718-782d-41b1-851e-08ded5cff1a6
,Main Ciiling Water Circulating Pumps,1,,a5e9a72a-977a-4cf9-840f-08ded5cff1a6
,Main Cooling Water Circulating Pumps,1,,9cf85a07-ce1c-4b8a-86ca-08ded5cff1a6
,maket süpervizörü,1,,d70af13d-4c7b-4e6d-875b-08ded5cff1a6
,Makina mühendisi (sigorta eksper uzman),1,,160b5d53-4851-43b6-83ec-08ded5cff1a6
,Makine - montaj süpervizörü,1,,25933cad-d650-4ed5-8610-08ded5cff1a6
,Makine Ekipman ve Kaldırma Süpervizörü,1,,0143f192-26f8-4e76-9afb-08ded5cfb542
,Makine mühendesi,1,,b3d18368-6c91-4744-85ef-08ded5cff1a6
,MAKİNE VE EKİPMAN KALDIRMA MÜHENDİSİ,1,,7107f167-d21c-4463-8733-08ded5cff1a6
,Mali İşler Direktörü,1,,eb625c52-655c-470a-86b8-08ded5cff1a6
,Mali İşler Genel Müdür Yardımcısı,1,,a962372e-78df-4563-9ad0-08ded5cfb542
,Maliye koordintoru,1,,3220574a-39bd-470b-9b16-08ded5cfb542
,Manager of Civil/Structural Engineering,1,review,0a4c4f3c-ad53-4075-8391-08ded5cff1a6
,Manufacturing Technical Quality Manager,1,,96d500d9-6e26-41e6-9b74-08ded5cfb542
,MARINE EQUIPEMNT OILER,1,,1324a62d-5bf8-45a0-84f4-08ded5cff1a6
,marketing bölüminiň ýolbaşçysy,1,,8758af7f-cb79-4a04-8600-08ded5cff1a6
,Mary 3 projesinden PLC haberleşme işleri için sahaya gidecekler,1,review,af8694ff-13d3-4784-86f5-08ded5cff1a6
,Mary GT6 / GT7 Bakimlari,1,review,1143314c-f782-441b-85a5-08ded5cff1a6
,MARY'den çıkan yedek parçaların tamir işlerinin kontrol ve raporlaması için gelecek,1,review,ac5a08f4-1b6c-4e48-9b64-08ded5cfb542
,Mary-3 arıza için tehnik rehberlik saglamak,1,,8c34cdd6-85b9-4ce0-840d-08ded5cff1a6
,MARY3 Mekanik  Formeni,1,,60bd9bdb-7d49-43a2-8490-08ded5cff1a6
,Mary3 proje sorumlusu,1,,02f91714-f0a7-431e-83c6-08ded5cff1a6
,MASDAF-YANGIN POMPASI-2000049686,1,,899d9e4e-93e8-4768-8634-08ded5cff1a6
,Material Manager,1,,ba99909b-b479-470d-8674-08ded5cff1a6
,MC General Manager İstanbul Branch,1,,c6d3d306-c045-45b6-8526-08ded5cff1a6
,Mcc supervizör,1,,6f2df8c1-af3b-4af9-84b3-08ded5cff1a6
,Mech TFA,1,,3f07f562-5cf6-4392-84f8-08ded5cff1a6
,Mech TFA- Gurluşyk meýdançasynda mehaniki işler boýunça tehnik-maslahatçy,1,review,a6c5ef1f-3513-4cfe-866a-08ded5cff1a6
,MECHANIC SPECIALIST,1,,ed9781f3-ea51-4e0c-8434-08ded5cff1a6
,Mechanical  Supervisor,1,,9bc2f2eb-598b-427e-83b8-08ded5cff1a6
,Mechanical discipline engineer,1,,717d10c2-a40a-4caa-85e7-08ded5cff1a6
,Mechanical Engineer - TFA,1,,3cab7a39-f424-4c70-872d-08ded5cff1a6
,Mechanical Erection Technical Advisor,1,,bf1e0915-3788-4f30-9b25-08ded5cfb542
,Mechanical Field Service Engineer,1,,e44f2981-d0ac-4ce3-874e-08ded5cff1a6
,Mechanical Foreman,1,,ae4b7d8b-12e5-44cc-8361-08ded5cff1a6
,Mechanical TFA,1,,fa84c297-75f6-40ce-873e-08ded5cff1a6
,MECHANİCAL ENGİNEER,1,,986ee363-0220-48fb-84cd-08ded5cff1a6
,Mekanik,1,,0923d9c2-386f-4cf8-8737-08ded5cff1a6
,mekanik bakım ve onarımcısı,1,,1e200cb1-4d40-44e2-83e1-08ded5cff1a6
,Mekanik devreye alma mühendisi,1,,5369fb9f-c076-4e78-861f-08ded5cff1a6
,Mekanik Ekipbaşı,1,,942ecf85-d2ec-48ca-855b-08ded5cff1a6
,mekanik montaj EKİPBAŞI,1,,c097f5c1-6952-43a4-9b54-08ded5cfb542
,Mekanik Montaj Postabaşı,1,,19ec2808-5eda-4b38-83ea-08ded5cff1a6
,Mekanik montaj Süpervizör,1,,fe807cec-3cbb-4107-83b6-08ded5cff1a6
,Mekanik Montaj Ustası,1,,643c70d0-b522-44ec-854b-08ded5cff1a6
,mekanik mühendisi,1,,77bfdff3-8c88-415c-863c-08ded5cff1a6
,Mekanik Mühendislik Müdürü-Mekanik İşler Bölümü,1,review,b874b32f-0a31-4af2-8528-08ded5cff1a6
,mekanik süpervizörün,1,,ee6d0a50-2127-4c96-85d8-08ded5cff1a6
,Mekanik Teklif Şefi,1,,656e9d42-506e-45fe-8464-08ded5cff1a6
,Mekanik Tekniker,1,,c61d3c8f-fdc3-40d5-83d5-08ded5cff1a6
,Mekanik İşleri Teknikeri,1,,371f2dd5-62d4-4751-844d-08ded5cff1a6
,Mekanik İşleri Şefi,1,,d2a2ca0d-fdfb-46c5-8508-08ded5cff1a6
,Mekanik Şef,1,,14f493b5-40d6-4c3f-8640-08ded5cff1a6
,Mekanik Şefi-GT-ST cneterline,1,,3299835f-096c-415f-8488-08ded5cff1a6
,Mekanik/Centerline (Türbin) bölgesinde Kalite Kontrol İnspektörü,1,review,63d12c10-1137-49c4-8675-08ded5cff1a6
,MEKANİK FORMEN,1,,ab233830-efa3-421d-8608-08ded5cff1a6
,MEKANİK FORMENİ-Mehanik işler boýunça prorab,1,,ed94de55-8b81-4d77-85f3-08ded5cff1a6
,MEKANİK MONTAJ EKİPBAŞI / BOP,1,review,138c29ba-c34a-4b60-8383-08ded5cff1a6
,MEKANİK MONTAJ POSTABAŞI,1,,5bc0d898-bbd9-4ec5-8372-08ded5cff1a6
,MEKANİK MONTAJ USTASI,1,,1b389af3-17a4-409a-860c-08ded5cff1a6
,MEKANİK MONTAJCI,1,,539c8480-38d8-4bbf-86a1-08ded5cff1a6
,MEKANİK mühendisi,1,,d330fe7e-df0f-49cd-8693-08ded5cff1a6
,MEKANİK MÜHENDİSİ,1,,eb5b8c60-92b2-4660-9b14-08ded5cfb542
,MEKANİK SUPERVİZÖRÜ,1,,e8807ba5-0d3a-47fe-8465-08ded5cff1a6
,MEKANİK TEKNİKERİ,1,,ae38363d-043f-4002-83c7-08ded5cff1a6
,MEKANİK USTA,1,,fdbde0ef-cab8-41e5-85c8-08ded5cff1a6
,MEKANİK ŞEF,1,,3aeda39e-6266-4077-8720-08ded5cff1a6
,Mektank'in montaj supervizörü,1,,04a350d5-ca78-4c66-8479-08ded5cff1a6
,Mektank’in Montaj süpervizörü,1,,10a54fef-56ad-47db-8624-08ded5cff1a6
,Merkez Devreye Alma Müdürü,1,,5f84e12b-74b9-4c75-842b-08ded5cff1a6
,Merkez Ofis İnsan Kaynakları Direktörü,1,,596bad57-3782-4b49-8377-08ded5cff1a6
,Merkez operasyon destek genel müdür yardımcısı-Merkez amallary goldaw boýunça Baş müdiriň orunbasary,1,review,b09683f8-325a-4fef-85bc-08ded5cff1a6
,Metal işleri usta başı,1,,725d6c54-7af8-46c8-9ae2-08ded5cfb542
,metal mamuller montaj işcisi,1,,70b8da30-8772-4b54-8370-08ded5cff1a6
,Metal Saç İşleme İşçisi,1,,ba0c0ab7-6a8f-4cc0-85fe-08ded5cff1a6
,MHI Mechanical Engineer,1,,8f8a8ba9-7b24-4e18-839f-08ded5cff1a6
,MHIAP – Instrument Specialist,1,,027ab6cb-d1a0-486d-9b55-08ded5cfb542
,Mimar,1,,ebac559f-bdb2-4b00-8718-08ded5cff1a6
,Mimar (mühendis),1,,2c855c59-989f-448e-86d4-08ded5cff1a6
,Mobilya montaj işçisi,1,,0e396879-ceb0-4d6f-8680-08ded5cff1a6
,Mobilya montajı,1,,76f7d1c7-1ca9-42d5-8615-08ded5cff1a6
,mobilýa montaj,1,,d0038c80-2391-4f70-8625-08ded5cff1a6
,mobılya montaj,1,,e350b5f2-5edc-4e24-858a-08ded5cff1a6
,montacı,1,,87241ab3-0cba-4037-8533-08ded5cff1a6
,Montaj Bölüm Yöneticisi,1,,323f5a4f-9cd3-4458-8471-08ded5cff1a6
,MONTAJ MÜDÜRÜ,1,,cf465188-887f-4a1c-84d7-08ded5cff1a6
,Montaj supervizörü,1,,bebcf324-3172-43d4-8438-08ded5cff1a6
,Montaj süpervizöri,1,,64cb422d-02f3-48f8-865f-08ded5cff1a6
,Montaj Süpervizörü,1,,3dbbbf88-b4dd-4c58-85e2-08ded5cff1a6
,montaj teknikeri,1,,60700897-c97b-420f-86e6-08ded5cff1a6
,Montaj Ustabaşı,1,,5a9b6c5c-9b16-489e-844a-08ded5cff1a6
,MONTAJCI,1,,4219e5ea-4352-4339-870b-08ded5cff1a6
,MOTORIZED  VALVES ACTUATOR süpervizörü/direktor,1,review,f562bebf-d5bc-4bc8-8404-08ded5cff1a6
,Muhasebe Direktörlüğü -Muhasebe Direktörü,1,,c1c3f71d-6547-45c8-85c6-08ded5cff1a6
,Muhasebe Direktörlüğü-Muhasebe Müdür Yardımcısı,1,review,1eb91741-c7e1-4064-839d-08ded5cff1a6
,Muhasebe Uzman Yardımcısı,1,,623e625a-9037-47ab-871f-08ded5cff1a6
,MUHASEBE UZMANI,1,,ff0a1924-7742-4c13-85d2-08ded5cff1a6
,Muhasebe şefi,1,,5e69bef0-8171-44e1-8573-08ded5cff1a6
,MV Switchgear Montaj ve devreye alma süpervizörü,1,review,17c47912-306c-497e-857b-08ded5cff1a6
,MV Switchgear montaj ve devreye alma çalışmaları,1,review,d149fd15-dd55-4911-85c7-08ded5cff1a6
,"MV Switchgear panelleri için -   2, Mekanik teknisyen",1,review,a81c880c-7fe7-448a-9b84-08ded5cfb542
,"MV Switchgear panelleri,   2-AR-GE müdürü",1,,5b8f84ab-ac77-44c3-852b-08ded5cff1a6
,"MÜDÜR, SATINALMA MÜDÜRLÜĞÜ (TRM PROJELERİ)",1,,c1d39244-01fa-4731-842e-08ded5cff1a6
,Mühendislik Koordinatörü,1,,9921e605-4ad0-4383-864f-08ded5cff1a6
,Mühendislik Müdür Yardımcısı-Inženerçilik işleriniň müdiriniň orunbasary,1,review,bbe77f38-122e-48a8-8567-08ded5cff1a6
,Mühendislik Müdürü,1,,c3082d3b-f7e7-4855-84d6-08ded5cff1a6
,Mühendislik Müdürü-Mühendislik Müdürlüğü,1,,20693f48-987c-4f9a-859f-08ded5cff1a6
,Müşderiler bilen işleşmek boýunça iş dolondyryjy,1,review,5aa691d7-d5f4-4f52-9ac3-08ded5cfb542
,MİM mühendislik yönetim kurulu başkanı,1,,67a98ddb-1768-42a7-8395-08ded5cff1a6
,N2-O2 GENERATION SYSTEM Service Engineer,1,,2c103511-5725-45ab-9b27-08ded5cfb542
,N2-O2 GENERATION SYSTEM Technical Supervisor,1,,8d81f247-b33a-42cd-874b-08ded5cff1a6
,OEM Arayüz Koordinatörü,1,,f7440c68-fa78-4403-8664-08ded5cff1a6
,Oil Seperator süpervizörü,1,,b7cccc9c-afa8-4451-8545-08ded5cff1a6
,On Site Services Specialist,1,,1791aefd-b26b-474c-841f-08ded5cff1a6
,ON-SITE MACHINING SUPERVISOR,1,,bad1b632-01b4-413a-856f-08ded5cff1a6
,ON-SITE MACHINING SUPERVISOR/GENERATOR ROTOR MACHINING,1,review,c4691bd1-d75b-43ff-86e3-08ded5cff1a6
,Operasyon Bakım ve Devreye Alma Müdürü,1,,ac55f035-a801-4054-837d-08ded5cff1a6
,Operasyon Uzmanı/Operation Engineer / Specialist,1,review,8fd9086f-9fb1-4e27-85d5-08ded5cff1a6
,operation and maintenanse engineer,1,,138ac025-740e-450c-83dd-08ded5cff1a6
,OPERATÖR-FORMEN,1,,6524b631-d70e-4e70-8569-08ded5cff1a6
,ORTA GERİLİM KORUMA ROLELERİ MÜHENDİSİ,1,,cd68c2d7-170a-4bde-84e3-08ded5cff1a6
,otomasyon isleri sorumlusu,1,,ad06f734-14df-4c24-8670-08ded5cff1a6
,Otomasyon mühendisi-okuw,1,,310f1001-707d-4fc3-8380-08ded5cff1a6
,OUTAGE MENAGER,1,,d68b121c-e17f-4f8e-9b28-08ded5cfb542
,PANO MONTAJ SÜPERVİZÖRÜ,1,,715a5a48-b6ad-4241-8401-08ded5cff1a6
,Panolarin test ve devre alma kapsamı,1,,0cf3c0fa-d157-4e08-8666-08ded5cff1a6
,PEECC tamiri,1,,ad0c83d6-8966-4cab-874f-08ded5cff1a6
,Perde Montaj Süpervizörü,1,,7ce62eb0-53f3-41ba-8603-08ded5cff1a6
,Performance Engineer,1,,e261b4c0-0454-4ad8-8747-08ded5cff1a6
,Performance Technition,1,,2621b591-e2b9-49f4-9b6a-08ded5cfb542
,Performance Test Engineer,1,,adcae6cf-2cd2-4c21-8611-08ded5cff1a6
,Personel sahada bulunduğu süreçte şalt sahaları as-built çalışmalarını yapacaktır.,1,review,5a59dfe7-0dba-4414-86a2-08ded5cff1a6
,PERSONEL UZMANI,1,,d4611951-99fc-44ae-85a3-08ded5cff1a6
,Personel Uzmanı,1,,e543d5e7-cb3d-431c-8746-08ded5cff1a6
,Personel Şefi,1,,92ac2962-8318-4f97-8613-08ded5cff1a6
,petrol gaz direktoru,1,,59f16112-a9d3-4768-8436-08ded5cff1a6
,"Pig launching ve receiving üniteleri, - egıtım",1,review,08642159-ea5a-4240-84b1-08ded5cff1a6
,Piping Enigneer,1,,2eeff651-9582-46b9-9acc-08ded5cfb542
,Piping Lead,1,,07da2953-f731-4b32-8667-08ded5cff1a6
,pk mühendisi,1,,eaa1d22b-310b-46ab-84e1-08ded5cff1a6
,Planlama Mühendisi,1,,3df3a7f4-5a59-466b-85b0-08ded5cff1a6
,PLANLAMA MÜHENDİSİ,1,,ff749b82-ecbc-4f69-86e7-08ded5cff1a6
,PLANLAMA VE MALİYET KONTROL ŞEFİ,1,,369110a5-f1f7-4719-85ca-08ded5cff1a6
,Plant Commissioning Advisor,1,,6c9ae1a6-f027-45f3-8472-08ded5cff1a6
,pompa devreye alma süpervizörü,1,,b3293b2c-f97b-4ef9-8505-08ded5cff1a6
,POSTABAŞI - BORUCU,1,,203c8d8c-a943-4eb1-9ae3-08ded5cfb542
,POSTABAŞI - BORUCU-Boru Ekibi,1,,2566ccf5-86ec-44c3-86ba-08ded5cff1a6
,Process Commissioning Engineer,1,,44d9456f-074a-4bd1-83b0-08ded5cff1a6
,Process discipline engineer,1,,30ffef96-818f-4489-85f5-08ded5cff1a6
,Process Engineer & DCS Supervis,1,review,5a017e79-292d-4a6a-8627-08ded5cff1a6
,Process Mechanic Department Manager,1,,db30255a-de98-401a-9b19-08ded5cfb542
,PROCESS TEKNİKERİ,1,,24a0aa53-715a-4281-842c-08ded5cff1a6
,Production Quality Specialist- NDT,1,,b988e76b-7015-4dfc-8589-08ded5cff1a6
,Proje Baş Mühendisi,1,,ed4c074c-4561-43a3-9b7e-08ded5cfb542
,Proje Finansman Koordinatörü,1,,2aa3969b-df6d-49de-83a9-08ded5cff1a6
,Proje geliştirme koordinatörü-Taslamany Ösdürmek boýunça utgaşdyryjy,1,review,98e50951-f90f-4835-8456-08ded5cff1a6
,Proje Kargo Ve İş Geliştirme Bölümü-Karayolu Proje Kargo Fiyatlandırma Şefi,1,review,7e5f2a98-ff2e-44b6-86b5-08ded5cff1a6
,Proje Kontrol Müdürlüğü-Proje Kontrol Müdürü,1,,f22041fe-f209-4973-853d-08ded5cff1a6
,Proje kontrol mühendisi,1,,3132d963-7518-4d8a-8727-08ded5cff1a6
,Proje Kontrol uzman yardımcısı,1,,7ff789ce-df74-4bdf-843a-08ded5cff1a6
,PROJE KONTROL UZMANI,1,,2c0c1143-4732-4041-85b5-08ded5cff1a6
,Proje Kontrol Uzmanı / Project Controls Specialist,1,review,8040f7d0-9088-4499-8702-08ded5cff1a6
,Proje Kontrol Uzmanı-Shatlyk Cs1 Kompresör İstasyonu Projesi,1,review,ce3524b0-c728-4c0d-8719-08ded5cff1a6
,Proje Kontrol Uzmanı/Türkmenistan İş Geliştirme Direktörlüğü,1,review,44f2510a-60b2-4dc2-85ff-08ded5cff1a6
,Proje Koordinasyon Müdürü,1,,efa253db-943f-43f1-83e2-08ded5cff1a6
,Proje Müdür Yardımcı,1,,249a6b71-3ba9-4e0b-84b5-08ded5cff1a6
,Proje Müdür Yardımcılığı - Proje Müdür Yardımcısı,1,review,1956ac13-86ca-4800-85c9-08ded5cff1a6
,Proje Müdür Yardımcılığı-Proje Uzmanı,1,,5fb2ddde-05c3-42f8-85fd-08ded5cff1a6
,Proje Müdür Yardımcısı-Taslama müdiriniň orunbasary,1,review,ce53fc30-6e0c-4f9d-850a-08ded5cff1a6
,Proje Müdürü - KYC,1,,c968a173-1976-4fcb-852c-08ded5cff1a6
,PROJE MÜDÜRÜ - KYT-CSK-1,1,,77c5f076-0bc5-4163-85fc-08ded5cff1a6
,Proje Müdürü-(Garabogaz),1,,238c215a-46ff-4ea3-9b5f-08ded5cfb542
,PROJE MÜDÜRÜ-Hibrit,1,,5309845b-de3f-470e-8418-08ded5cff1a6
,Proje Mühendisi,1,,80d2db2f-4eb4-4a23-85dd-08ded5cff1a6
,PROJE MÜHENDİSİ,1,,ea4ecb49-0c4b-46a9-84ff-08ded5cff1a6
,Proje planlama mühendisi-Taslama meýilnamalaşdyryş boýunça inžener,1,review,35242c85-b57e-4678-873d-08ded5cff1a6
,Proje Satış Direktörü,1,,8dc2c46c-ac74-4e72-837b-08ded5cff1a6
,proje sorumlusu,1,,012aebff-bd67-4aad-85d1-08ded5cff1a6
,Proje Uygulama Koordinatörlüğü-Proje Koordinasyon Müdürü,1,review,ead04bdb-43b1-403b-8658-08ded5cff1a6
,Proje uygulama koordinatörü-Taslamany ýerine ýetirmek boýunça utgaşdyryjy,1,review,f3910877-66d0-4721-8440-08ded5cff1a6
,Proje uygulama müdür yardımcısı,1,,966665b5-7028-4468-86cf-08ded5cff1a6
,Proje uzman,1,,c7b1ddde-c462-44f7-85c5-08ded5cff1a6
,Proje Uzmanı-Türkmenistan İş Geliştirme Direktörlüğü,1,review,194f173a-c45d-445b-84f9-08ded5cff1a6
,Proje Yapım müdürü,1,,9982af84-ff84-4d8c-872c-08ded5cff1a6
,Proje Yönetim Direktörü-Taslamanyň Dolandyryş Müdiri,1,review,d6954089-96c7-4763-866c-08ded5cff1a6
,Proje Yönetim Genel Müdürü-Taslamanyň Dolandyryş Baş Müdiri,1,review,e2d2fcea-b9ab-410d-86c7-08ded5cff1a6
,Proje İnsan Kaynakları Sorumlusu-Taslamanyň işgärler bölüminiň jogapkär işgäri,1,review,428a7318-afe6-4fb9-84a0-08ded5cff1a6
,Proje İnsan Kaynakları Şefi,1,,af5b6ba5-bab0-4bde-8688-08ded5cff1a6
,Proje şantiye şefi,1,,92b9ed0c-db52-47b8-83e5-08ded5cff1a6
,Proje Şefi- Enstrümantasyon Ve Kontrol Müd.,1,review,11243070-6795-4061-9b68-08ded5cfb542
,Project & And Sales Director,1,review,9d4f098e-0ecf-4bdb-8483-08ded5cff1a6
,Project Supervisor,1,,6b903657-f384-4adf-8706-08ded5cff1a6
,Projects Sr. EHS Auditor,1,,22e22a23-2465-4fdd-83d6-08ded5cff1a6
,PROJEKT MANAHGER,1,,28603b01-de4d-4e62-84c2-08ded5cff1a6
,Proses Müdürü,1,,eae47a45-d6ad-4f0f-9b4f-08ded5cfb542
,PROSES MÜHENDİSİ,1,,c0244829-51b4-411e-84ba-08ded5cff1a6
,Proses şefi,1,,9ca1dcf2-2650-4280-851a-08ded5cff1a6
,PUBLIC ANNOUNCEMENT AND ALARM,1,,db762829-c48b-44de-9b2b-08ded5cfb542
,PWHT SUPERVİZÖR,1,,b5370553-c60f-436b-8564-08ded5cff1a6
,PİPİNG CHİEF ENGİNEER,1,,0fae51ee-5ee0-4b62-861a-08ded5cff1a6
,PİPİNG FOREMAN,1,,54c1fff0-233c-453d-8635-08ded5cff1a6
,QA/QC,1,review,c035900c-9db7-4d70-875d-08ded5cff1a6
,QA/QC Müdürü,1,review,ba3c4328-ed04-44ac-837e-08ded5cff1a6
,QA/QC İnspektörü,1,review,0a00a39d-3dfd-46b9-9b36-08ded5cfb542
,QA/QC Şefi-Kalite Kontrol Şefi,1,review,e6c5cdcd-7068-4e61-856a-08ded5cff1a6
,QC MÜDÜRÜ,1,,8ed6b44d-db8a-4ac1-8758-08ded5cff1a6
,QC İNSPEKTÖR  / BOP,1,review,a44f42e8-b219-498a-856b-08ded5cff1a6
,RAFO MONTAJ FORMENİ,1,,f42d767c-130c-4f53-8739-08ded5cff1a6
,Raw Water Pumps Erection Supervisor,1,,c86fb967-78c6-4a36-86bb-08ded5cff1a6
,Repair Engineer- Machining &Tooling,1,review,be89dc7e-ed01-4d3b-9b15-08ded5cfb542
,Rigger,1,,46ed0571-b800-4341-8650-08ded5cff1a6
,Rigger/Mekanik Teknisyen,1,review,5629209f-fd8d-42b3-8448-08ded5cff1a6
,RMS Boiler,1,,b92436a7-de80-4bd3-9ad9-08ded5cfb542
,RMS gas chromatography cihazının kontrol ve devreye alma işlemlerini gerçekleştirmesi,1,review,3e6716d9-8d75-4671-83d1-08ded5cff1a6
,RMS sisteminin jeneratörlerinin devreye alma çalışması,1,review,55f3883a-f9b7-4a84-9b05-08ded5cfb542
,RMS ulgamynyň elektrigi,1,,33101da8-8630-4b69-871b-08ded5cff1a6
,RMS(Regülatör-Ölçüm Sistemi) Kazan montaj ve devreye alma kontrolleri,1,review,0c1e8816-8c76-4455-8622-08ded5cff1a6
,ROMÖRK OPERATOR,1,,d0ad906a-6a14-4f33-84e5-08ded5cff1a6
,ROMÖRK OPERATÖRÜ,1,,10d2f8b6-b66c-406b-8708-08ded5cff1a6
,"RTU SCADA Sorumlusu,Scada Otomasyon Yöneticisi",1,review,a5dee2d2-d702-4fd6-84e0-08ded5cff1a6
,Rüzgar Türbini Bakım ve Servis Müdürü,1,,56414c34-d096-41fa-83d0-08ded5cff1a6
,Saha Elektrik Mühendisi,1,,c518a6be-ae25-4ed4-86af-08ded5cff1a6
,SAHA ELEKTRİK ŞEFI-Meýdançadaky elektrik işleriniň başlygy,1,review,dca43d95-f416-419a-857c-08ded5cff1a6
,Saha Hizmetleri Müdürü,1,,dc5a045f-4599-42c6-8511-08ded5cff1a6
,Saha I&C Elektrik Mühendisi,1,review,6f405bae-12fe-451e-8462-08ded5cff1a6
,saha inşaat mühendisi,1,,476e3292-ba34-4873-871d-08ded5cff1a6
,Saha inşaat şefi,1,,4930d138-88c9-4604-9add-08ded5cfb542
,Saha Makine Mühendisi,1,,558e6803-cf5c-4262-85ea-08ded5cff1a6
,Saha Mühendisi ( Süpervizör ),1,,08deeb09-e062-42cc-86d8-08ded5cff1a6
,Saha Mühendisi (BOP işleri),1,,a9cfbfa6-44e3-4512-9b5e-08ded5cfb542
,Saha Mühendisi (HRSG),1,,e575b2ec-3c6a-4b9e-9b44-08ded5cfb542
,Saha Mühendisi Şefi,1,,78205336-ce82-4d3f-84a2-08ded5cff1a6
,Saha süpervizör,1,,e2c1dbfa-9ce1-46b7-873a-08ded5cff1a6
,Saha süpervizörleri,1,,dc22dc35-0d4b-490c-8743-08ded5cff1a6
,Saha süpervizörü,1,,687ce604-ca7d-43c0-84ad-08ded5cff1a6
,SAHA TEKNİSYENİ,1,,28022293-ef7b-4ac0-84de-08ded5cff1a6
,saha ziyarati,1,,6eff8f2b-8367-4afe-8689-08ded5cff1a6
,Sahada Gaz türbin Montaj kontrolleri Süpervizöri,1,review,c8bb22dc-380c-426e-9b63-08ded5cfb542
,sahada kalite kontrolleri yapıp toplantılara katılacaktır.,1,review,af6f27bc-7de9-42b7-86f0-08ded5cff1a6
,Sahada Malzeme sayımı,1,,2cef04c1-1876-4968-83e0-08ded5cff1a6
,Sahada son kontroller için,1,,2eb621d7-e2f4-495c-83a5-08ded5cff1a6
,SATINALMA MEMURU,1,,192d0ced-a001-46be-85e6-08ded5cff1a6
,SATINALMA ŞEFİ,1,,0a167a90-65c7-4549-86a9-08ded5cff1a6
,satın alma müdürlügü,1,,31931773-a7d0-448d-9b6f-08ded5cfb542
,Satınalma direktörö,1,,f3b3f88e-b0e1-4a7f-86ea-08ded5cff1a6
,Satınalma Direktörü,1,,c72e8192-f14c-4408-9b7a-08ded5cfb542
,Satınalma direktörü-Üpjünçilik bölüminiň müdiri,1,review,bbd8030a-a5e7-4034-840e-08ded5cff1a6
,satınalma koordinatörü-Üpjünçlik utgaşdyryjysy,1,review,6cb9ede2-9c03-4927-83a0-08ded5cff1a6
,Satınalma Müdürü /Makina Mühendisi,1,review,7101e28c-71ec-40de-83f3-08ded5cff1a6
,Satınalma Süreç Takip Uzmanı,1,,f8975c0a-fc4a-4731-8700-08ded5cff1a6
,Satınalma ve Lojistik Direktörü,1,,d92f7163-2a41-47af-8427-08ded5cff1a6
,Satış Sonrası Hizmetler Süpervizörü,1,,5f20ab7f-3525-4983-86a0-08ded5cff1a6
,Satış Şefi,1,,90c221a8-fcb5-4f98-86d3-08ded5cff1a6
,SCADA süpervizör,1,,b76575bf-8685-4f1c-9b2e-08ded5cfb542
,Scada ve otomasyon bölüm müdürü,1,,662e35e5-d045-4f44-8575-08ded5cff1a6
,SCADA&Telecommunication Manager,1,review,f171f8d3-08a3-4b48-86e1-08ded5cff1a6
,SCOPE OF SUPERVISION SERVICE-Lead Engineer - Field Services,1,review,4de0d561-8ea0-4e9a-845b-08ded5cff1a6
,Senegal İnşaat Şefi,1,,0ca6ba0d-52d3-419a-86a7-08ded5cff1a6
,Senior Commissioning Manager – Chief Engineer,1,,0b4a06e1-91d1-4f36-843f-08ded5cff1a6
,Senior Generator Diagnostics Engineer,1,,65ecf8ad-cab7-42d2-86d2-08ded5cff1a6
,senior jointer,1,,7c6f40c2-c472-40d6-86ef-08ded5cff1a6
,Senior Product Manager,1,,593b6a06-41a9-463d-8540-08ded5cff1a6
,Senior Project Engineering Manager,1,,4fef11c7-f9bc-404a-8521-08ded5cff1a6
,Senior Site Leadership Manager,1,,ea9378e2-052c-4d81-8562-08ded5cff1a6
,Senior TFA,1,,9de78a38-8557-4fa5-85af-08ded5cff1a6
,Service Director for Turkey and Caspian,1,,cc2cfa0d-533a-41fb-9b42-08ded5cfb542
,Service engineer (system & instrumentation),1,review,571c4d84-fb66-472e-862c-08ded5cff1a6
,Service Manager Aero and O&G (Asia),1,review,3043fba2-5046-4fd3-8751-08ded5cff1a6
,Service Manager-Site Lead-1.	Tehniki hyzmat işleri boýunça ýolbaşçy– gurluşyk meýdançasynyň başlygy,1,review,c27f7cfb-348c-47fc-836f-08ded5cff1a6
,Service technician,1,,5043a59f-61df-45eb-8550-08ded5cff1a6
,Services Specialist-gas türbini ve generatörlerin çalışması titreşim (vibrasyon) ölçümleri,1,review,c5056bf8-2c33-4b06-8601-08ded5cff1a6
,Servis  uzmanı,1,,56bffb62-5b75-4ac8-9b31-08ded5cfb542
,Servis Müdürü,1,,0051898f-1601-4d40-8660-08ded5cff1a6
,"servis mühendisi, N2-O2 Generation System’in Comissioning İşleri",1,review,8a58ceec-2db4-4dbb-841a-08ded5cff1a6
,Servis Teknikeri,1,,d1e45f5d-d127-4820-8741-08ded5cff1a6
,SERVİS Mühendisi,1,,3b505d63-e7ce-4417-84b8-08ded5cff1a6
,Serwis ýolbaşçysy,1,,b0df88be-6ec0-483f-9ac6-08ded5cfb542
,Set Teknik Süpervizör,1,,43b71082-0d84-4de0-8514-08ded5cff1a6
,Sevkiyat sırasında hasar alan HV ayırıcı ve kesici ekipmanlarının kontrolünü,1,review,ec8e4a26-af32-4984-85d6-08ded5cff1a6
,Shatlyk Cs1 Kompresör İstasyonu Projesi - Proje Müdürü,1,review,a1db5228-4fad-473c-8715-08ded5cff1a6
,Siemens Global we möhüm müşderileriň işlerı boýunça ýolbaşçysy,1,review,1aea85c1-c6e0-4a98-8491-08ded5cff1a6
,Sigorta firmasından,1,,85df799b-203d-404b-8701-08ded5cff1a6
,sigorta İşlemleri,1,,10c0ffdc-606e-47ad-86c6-08ded5cff1a6
,Sigorta Şirketinin eksperti,1,,fb4bc6c3-32fc-41f4-864e-08ded5cff1a6
,Site Manager,1,,95fdd20a-f0eb-4df8-86aa-08ded5cff1a6
,Site/Installation Operations Specialist (Saha Operasyon Uzmanı),1,review,4db55513-553d-4997-84bf-08ded5cff1a6
,SKADA HABERLEŞME MÜHENDİSİ,1,,26f439a3-3246-412e-84e7-08ded5cff1a6
,Software upgrade for turbines,1,,d3668751-0a0c-4a8b-86ad-08ded5cff1a6
,Sogutma Külesi montaj kontrol supervizör,1,,934a798d-62a3-4f34-84f3-08ded5cff1a6
,SPMT Formen,1,,7cb50c42-c42a-4fc8-8740-08ded5cff1a6
,ST (Steam Turbine) Mechanical TFA (Technical Field Assistance),1,review,a1f49e0d-85bb-4d51-861d-08ded5cff1a6
,ST hattı montajı,1,,0ee0a215-4928-4f90-9b1e-08ded5cfb542
,ST mechanical TA,1,,5e61e9ab-25da-453d-8513-08ded5cff1a6
,STEAM / WATER SAMPLING SYSTEM SERVICE ENGINEER,1,review,1dd77012-4a8b-4691-8621-08ded5cff1a6
,STEAM / WATER SAMPLING SYSTEM süpervizörü,1,review,4f07798a-8911-4071-8414-08ded5cff1a6
,STEAM / WATER SAMPLING SYSTEM teknik koordinatör,1,review,3f2bb1b5-a791-4f41-8529-08ded5cff1a6
,Steam Blow Project Supervisor,1,,4bdea90e-f0e2-4bd1-8517-08ded5cff1a6
,Steam Turbine Mark Vie control Field Enginner,1,,435c28da-3872-479e-8410-08ded5cff1a6
,STEAM TURBINE TECHNICAL ADVISOR,1,,9c3aebfe-6dca-4ce5-85cd-08ded5cff1a6
,STG inspection & repairing.,1,review,6d8b6155-dae8-48b6-874c-08ded5cff1a6
,Strand-Jack operatörü,1,,8a055aec-e21c-4c1b-851d-08ded5cff1a6
,Su Altı Borulama İşleri Süpervizörü,1,,24d0210b-0c66-4bd6-9b81-08ded5cfb542
,SUPERVISOR (AFTER SALES SERVİCES ENGİNEER / ELECTRİCAL ENGİNEER),1,review,56f9b55a-aa96-47fb-872f-08ded5cff1a6
,Supervisor (Communication Expert),1,,807eff0c-5846-4bb4-85c0-08ded5cff1a6
,SUPERVİZOR,1,,acb39504-fb3d-435f-9aee-08ded5cfb542
,SURVEY,1,,2f25e446-64fd-49c0-9b3b-08ded5cfb542
,System&Instrumentation Engineer,1,review,c738c3f6-f166-4c55-9af5-08ded5cfb542
,Sözleşme koordinatörü-şertnamanyň utgaşdyryjysy,1,review,c117c17b-ad69-452a-9ae0-08ded5cfb542
,SÖZLEŞME MÜHENDİSİ/müdir,1,review,2cf2a288-4e59-4574-8433-08ded5cff1a6
,süper vizör,1,,2f3e06f2-4285-4f73-863f-08ded5cff1a6
,Süpervizör (Condenser designer),1,,5057a7e2-3081-4653-8668-08ded5cff1a6
,Süpervizör (Fin fan cooler),1,,9a774742-4e42-42a9-8543-08ded5cff1a6
,Süpervizör (Fire detection and alarm system – elektrik işleri),1,review,a2ebed17-f9ef-4ba2-83f2-08ded5cff1a6
,Süpervizör (Fire detection and alarm system – otomasyon işleri),1,review,785b5a37-3bdf-40b6-83ee-08ded5cff1a6
,Süpervizör (fire fighting pumps),1,,529ec3a3-8570-4de7-84df-08ded5cff1a6
,"Süpervizör (GT/ST Busduct-IPB işleri),Elektrik kablo-montaj uzmanı",1,review,0591cfc9-f067-48e7-9b0c-08ded5cfb542
,Süpervizör (Hava Kompresör),1,,e3da49df-e8aa-41e3-83ef-08ded5cff1a6
,Süpervizör (Scada İşleri),1,,52236555-0cf7-46d2-84d0-08ded5cff1a6
,Süpervizör saha,1,,be8cec05-e0a0-4535-9b0b-08ded5cfb542
,süpervizör teknik,1,,7550b0bf-2bb2-4676-86cd-08ded5cff1a6
,Süpervizör UPS DC sistemi,1,,381577bb-00ee-45b5-84b6-08ded5cff1a6
,süpervizör ‘Cooling Tower montaj ve devreye alma işleri’,1,review,bc9bd2f5-9826-4e07-871a-08ded5cff1a6
,süpervizör-Kalite Sistem Müdürü,1,,5f7205b0-11d4-4616-8367-08ded5cff1a6
,süpervizörü TRS,1,,ca30721a-95c4-48a2-85ab-08ded5cff1a6
,"süpervizörü,He is repair development engineer of turbine blades stg. 1 , 2 & 3 of Frame B/E",1,review,ac2ed2ae-26af-4ae6-8709-08ded5cff1a6
,SÜPERVİZÖR,1,,6aaebcb4-a30d-4034-83f1-08ded5cff1a6
,süperwizor mühendisi,1,,87a78ea5-3c20-4cbe-8672-08ded5cff1a6
,süperýizor,1,,c6221ed6-d47a-4b3f-8707-08ded5cff1a6
,Sürdürülebilirlik ve kurumsal iletişim koordinatörü-Durnuklylyk we korporatiw aragatnaşyk utgaşdyryj,1,review,d8f9f8bf-3bd0-424f-8713-08ded5cff1a6
,SİTE MANAGER,1,,d73756ed-cd03-4964-83df-08ded5cff1a6
,TAGHI,1,,95d01cd2-9844-41e5-85d3-08ded5cff1a6
,Tank Montaj Şefi,1,,1acb2c21-7ec8-4a4d-85a4-08ded5cff1a6
,"Tank montaj, Mekanik iş",1,,94f4bf40-804c-4863-8712-08ded5cff1a6
,Taslamalar ýolbaşçysy,1,,b2bf4af2-22d6-4baa-8482-08ded5cff1a6
,Taslamanyñ maliýe işleri bölűminiñ müdiri,1,,6d474d14-e598-4130-8642-08ded5cff1a6
,Taslamanyň Dolandyryş Müdiri-Proje Yönetim Direktörü,1,review,874f5dfe-6c4e-40f1-8441-08ded5cff1a6
,Taslamanyň ýolbaşçysy,1,,b9492069-9962-4e24-9ac5-08ded5cfb542
,Taşıma operasyonunun genelinden sorumludur/-Proje yöneticisi,1,review,278e41db-16e9-440b-835c-08ded5cff1a6
,Taşıma ve Gantry Formeni,1,,484063fc-6ae9-4d6d-85a8-08ded5cff1a6
,TBEA’in Montaj ve devreye alma süpervizörü,1,,863c378e-8192-44db-851c-08ded5cff1a6
,Team Lead Service Support & Projektierung + Field Service,1,review,02b3ed3b-df7d-4903-8385-08ded5cff1a6
,Technical advisor gas turbine,1,,041450bd-8ebd-457c-8759-08ded5cff1a6
,"TECHNICAL ENGINEER, EXPANSION JOINT SPECIALIST",1,review,bcf5ddc7-9ffa-4aaf-861b-08ded5cff1a6
,TECHNICAL FIELD ADVISOR (GAS TURBINE MAINTENANCE ACTIVITIES IN CALIK POWER PLANT),1,review,5eee99ed-8f6a-4677-9ade-08ded5cfb542
,Technical Field Advisor - Electrical Engineer,1,,b0157888-e95e-4b37-867b-08ded5cff1a6
,Technical Manager,1,,4c795c37-57b0-4ef3-8419-08ded5cff1a6
,Technical project manager,1,,00521d7e-f981-4eff-865a-08ded5cff1a6
,Technical Support,1,,ccef3114-1fd8-4302-8487-08ded5cff1a6
,Tehnik,1,,d126a1b3-de0a-4bf7-83ba-08ded5cff1a6
,Tehnik bakim,1,,9a385344-7bde-4c9d-8653-08ded5cff1a6
,Tehniki goldow beriji inžener(Technical Support),1,review,d270f016-1082-4e39-83ed-08ded5cff1a6
,Tekilf inşaat müdür yardımçısı,1,,bee4cad9-4e2c-4c08-8358-08ded5cff1a6
,Teklif I&C müdürü,1,review,a99eb446-c526-4ada-9b4c-08ded5cfb542
,Teklif koordinatörü,1,,bcb66b88-bb69-45bd-852e-08ded5cff1a6
,Teklif kordinasyon uzmanı,1,,046bdfad-3031-480f-869a-08ded5cff1a6
,Teklif müdiri,1,,062d13da-12aa-48c4-864b-08ded5cff1a6
,Teklif müdürü-inşaat,1,,8ca9ebbc-0615-4c5f-8754-08ded5cff1a6
,Teklif performans müdürü,1,,68b94219-1d39-4e93-8735-08ded5cff1a6
,Teklif ve Mühendislik Genel müdür,1,,75b561a3-8c0c-47f4-9b22-08ded5cfb542
,Teklif ve uygulama koordinatörlügü,1,,3368c2da-4560-4082-86de-08ded5cff1a6
,Teklif Şefi - Su Arıtma Sistemleri,1,,7092aa75-63d3-4fe9-840c-08ded5cff1a6
,Teklif Şefi-Mekanik,1,,0872866a-6594-46ae-8595-08ded5cff1a6
,TEKLİF MÜDÜRÜ,1,,97f0608c-db3d-4048-8504-08ded5cff1a6
,Teknik bakım,1,,519bb406-7634-446d-8392-08ded5cff1a6
,Teknik Danışman,1,,01c52670-0202-408f-9b47-08ded5cfb542
,Teknik Denetim Direktörü,1,,4f0e1ed1-1c4c-468f-8402-08ded5cff1a6
,Teknik denetim uzmanı,1,,a0c70bdc-ab18-47d0-84a8-08ded5cff1a6
,Teknik müdiri,1,,c1f2a805-ab0a-4da5-8598-08ded5cff1a6
,Teknik Müdür/PUBLIC ANNOUNCEMENT AND ALARM,1,review,73a54230-61c7-4996-83fa-08ded5cff1a6
,Teknik Ofis Mühendisi (BOP Mekanik İşler),1,,ac1c7f01-ad63-4cda-9b5b-08ded5cfb542
,teknik ofis mühendisi/İnce işer şefi,1,review,ab8aeeeb-b735-4fa5-867e-08ded5cff1a6
,Teknisyen-Montaj,1,,07f883a4-7a31-4c81-85a0-08ded5cff1a6
,TEKNİK DANIŞMANI,1,,9c7f9e4d-eca0-4904-863b-08ded5cff1a6
,TEKNİKER (ATÖLYE) - MAKİNE TEKNİKERİ,1,,1b7883d5-c085-42f7-86ab-08ded5cff1a6
,Teknısyen,1,,d07e5dd5-b9db-4c3f-9b20-08ded5cfb542
,Teleprotection Uzmanı,1,,1cf02a0c-3b2f-40bd-855a-08ded5cff1a6
,Test Devreyealma Teknisyeni,1,,efac7d24-c485-411f-9b1c-08ded5cfb542
,Test Engineer,1,,e6a8989a-05ad-41c2-8446-08ded5cff1a6
,TEST MÜHENDİSİ,1,,9c12f3e5-19b3-4b00-8360-08ded5cff1a6
,TEST VE DEVRE ALMA MÜDÜRÜ,1,,9a5d50e8-2fe7-4f38-858e-08ded5cff1a6
,TEST VE DEVREYE ALMA FORMENİ,1,,baaa38fd-df6f-49a5-84e4-08ded5cff1a6
,TEST VE DEVREYE ALMA teknikeri-elektrik formen,1,review,4534149d-1e6f-4487-8690-08ded5cff1a6
,Test ve devreye alma şef,1,,234e1199-f4a5-4879-9b70-08ded5cfb542
,test/devreye alma teknıkerı,1,review,c0e6363c-7ff3-4d93-8476-08ded5cff1a6
,Tests engineer,1,,7da7aa0b-0e32-4586-8489-08ded5cff1a6
,TESİSAT İŞLERİ ŞANTİYE ŞEFİ,1,,76a7e92b-1c27-4a5c-875c-08ded5cff1a6
,TFA - GENERATOR,1,,43418396-514c-48e3-84a9-08ded5cff1a6
,TFA - STEAM TURBINE-ST SITE LEAD,1,,65267d29-d0b7-4e5d-8749-08ded5cff1a6
,TFA-GAS TURBINE,1,,4c6ad03d-fa1e-4a7b-872a-08ded5cff1a6
,TFM montaj sorumlusu,1,,85d4b7e6-3701-41f8-8703-08ded5cff1a6
,The training of Fire Alarm system,1,,54a7609d-22e4-4470-83f9-08ded5cff1a6
,the training of Effluents Treatment,1,,4a2adcdc-f0ad-4832-9ad2-08ded5cfb542
,the training of Integrated (DCS-ESD-F&G) System,1,review,2f62dd24-0f53-4022-84a3-08ded5cff1a6
,the training of Power and Distribution Transformers,1,review,b570a05c-695e-498b-8407-08ded5cff1a6
,Thermo Design Engineering Ltd. (Kanada) kompaniýasynyň taslama müdiri,1,review,9836402b-149d-4707-865c-08ded5cff1a6
,This is for the inspection and repair works of the Shaft Turning Gear,1,review,303d1621-c969-4fab-86d0-08ded5cff1a6
,Ticaret Müdürü(Rafineri),1,,ff2a74f6-5bcc-402b-83a8-08ded5cff1a6
,Topograf,1,,630e591a-0ce6-4cd7-84bb-08ded5cff1a6
,TRAFO MEKANİK  MONTAJ SUPERVISOR,1,,f968c967-18af-4e99-8630-08ded5cff1a6
,trafo montajı,1,,270fcf9a-eda4-4fce-847f-08ded5cff1a6
,trafo montajı süpervizörü,1,,dbbd0a0b-1815-4cb7-8742-08ded5cff1a6
,Trafo Süpervizörü (Yedek),1,,45a00d84-b3e8-404d-867f-08ded5cff1a6
,Transport Formen Yardımcısı,1,,79e87219-f08c-4bee-86ee-08ded5cff1a6
,Transport Formeni,1,,65dade5c-5c3e-486c-9af3-08ded5cfb542
,TRM Muhasebe Uzmanı,1,,c4692eb9-1858-409a-83a4-08ded5cff1a6
,TRS projesi iş güvenlik şefi,1,,8309cf51-21a4-4a0c-85b7-08ded5cff1a6
,TRS-Süpervizör mühendisi,1,,a111a486-5bc6-4e33-84ec-08ded5cff1a6
,Tubing Ustası,1,,b24efccd-ce6c-431b-848f-08ded5cff1a6
,Turbin bakim elektrigi,1,,f6f7f5e4-1a6d-45e1-869e-08ded5cff1a6
,Turbing/Montaj Ustası (Ebop işleri),1,review,8b18516f-3725-4ff1-84fc-08ded5cff1a6
,turbun mekanik bakim ve yazilim calismalarinda,1,review,6ec42586-5b9f-4951-856e-08ded5cff1a6
,Tuğran Enerji Genel Müdür Yardımcısı,1,,7f6277ea-32bb-4576-8736-08ded5cff1a6
,Tuğran Enerji Proje Müdürü,1,,de4406b5-8bf1-477b-8546-08ded5cff1a6
,Tuğran Enerji İdari Müdür,1,,963dafba-c8c1-4d47-8744-08ded5cff1a6
,Türbin Borulama Formeni,1,,cc44f427-4c57-48f8-865b-08ded5cff1a6
,Türbin Mekanik Ekipbaşı,1,,be2149e7-885e-4c08-84a1-08ded5cff1a6
,Türbin Mekanik Formen,1,,4d6216bd-cb34-49cc-85bd-08ded5cff1a6
,Türbin Mekanik Postabaşı,1,,5a1e1a4b-1841-4c1a-875a-08ded5cff1a6
,Türbin Mekanik ustası,1,,17ce6ff9-c72b-4ccb-8359-08ded5cff1a6
,Türbin Montaj Süpervizörü,1,,24c9494a-19ca-41cb-9ae5-08ded5cfb542
,türbin postabaşı,1,,39f035ea-b3b9-4a22-8729-08ded5cff1a6
,"Türbinlerin, kazanların işletme ve bakım eğitimleri",1,review,b244034f-9f70-4e7d-842f-08ded5cff1a6
,"Türkmenenergo için ValveExpert diye bir vana kalibrasyon cihazı  satınalındı bu firmadan, bunun eğit",1,review,fc9abd7f-6f8d-420c-85f7-08ded5cff1a6
,Türkmenistan iş geliştirme koordinatörü-Türkmenistanda işewürligi ösdürmek boýunça utgaşdyryjy,1,review,51aa3d53-95a7-4a29-85b4-08ded5cff1a6
,TÜRKMENİSTAN DİREKTÖRÜ,1,,b0d8d208-61ce-4584-83f7-08ded5cff1a6
,Usta Borucu,1,,3b4087fb-b404-4b9a-8387-08ded5cff1a6
,"UZB.,genel müdir",1,,7181b95a-4638-4024-847c-08ded5cff1a6
,Vendor Supervisoru.,1,review,f9aa6575-4094-4c2a-8711-08ded5cff1a6
,Vice President of Heavy Duty Gas Turbine Sales for GE Gas Power Europe,1,review,086e9392-c92f-49cc-8636-08ded5cff1a6
,Vinç Formeni,1,,53718b8d-b3ca-4cc9-86c3-08ded5cff1a6
,Vinç kurulum süpervizörü,1,,0c51e6e8-a528-4b77-853e-08ded5cff1a6
,Vinç sistemleri devreye alma süpervizörü,1,,8997c50b-1487-4385-8478-08ded5cff1a6
,Waste Water & Sewage Water Treatment Plant,1,review,ae08f362-1aef-4f18-85ec-08ded5cff1a6
,Water intake system elektrik işleri koordinatörü,1,review,e4aa3231-6133-4276-8632-08ded5cff1a6
,Water intake system elektrik süpervizörü,1,,7aa750b4-136f-4c27-8458-08ded5cff1a6
,WATER SAMPLING SYSTEM Mekanik Montaj Süpervizörü,1,review,21f6215d-08dc-4375-858f-08ded5cff1a6
,WATER SAMPLING SYSTEM Montaj Sorumlusu,1,,251fbba9-b4e4-4248-8452-08ded5cff1a6
,WATER SAMPLING SYSTEM Servis Mühendisi,1,,08462d21-4025-4845-83ad-08ded5cff1a6
,Water Treatment Plant(Su arıtma tesis) unitesinin montaj ve devreye alma işi,1,review,79a631ed-7e20-4540-8399-08ded5cff1a6
,Water Treatment plant-montaj we devreye alma kontrolu,1,review,4fe61006-2735-4fbf-838a-08ded5cff1a6
,"Welder, Welding",1,,09671d4d-1eca-40f2-838c-08ded5cff1a6
,WELDİNG FOREMAN,1,,0d1ee4d2-f79d-4747-86c8-08ded5cff1a6
,Winder,1,,1798495e-c6a8-4729-83c1-08ded5cff1a6
,Winç,1,,0a5fedab-73fe-4d2c-8646-08ded5cff1a6
,Yangın Pompaları ile Kapalı Soğutma Suyu Pompalarının montaj ve devreye alma işlemleri,1,review,a87aec2e-51b9-4471-853f-08ded5cff1a6
,Yapı müdür-Özbekistan,1,,b1ef88cc-11d7-47f7-86f8-08ded5cff1a6
,Yapım müdürü-kone gorev-Mehanika toparynyň başlygy,1,review,6ce294e3-f7f5-41ee-9b57-08ded5cfb542
,yardımcı vinçlerin montaj ve devreye alma,1,,c1b20bec-5caf-4546-8656-08ded5cff1a6
,YATIRIMLAR KOORDİNATÖRÜ,1,,33ad130b-5ead-4b3a-86c2-08ded5cff1a6
,Yedaş Yönetim kurulu başkan vekili,1,,24f580d4-6008-443c-8451-08ded5cff1a6
,YEDAŞ Yönetim Kurulu Bşk Vek.,1,review,6399ebff-8c4b-4a55-855e-08ded5cff1a6
,Yetenek kazanımı müdürü,1,,7c330000-9acf-45b5-8364-08ded5cff1a6
,Yokogawa Specialist,1,,5dd3711c-2c64-4a3c-8485-08ded5cff1a6
,YURTDIŞI SATIŞ SONRASI HİZMETLER YÖNETİCİSİ,1,,6381df40-d6bf-40ce-8647-08ded5cff1a6
,Yönetici Ortak -Kontrol Mühendisi,1,,5fd7e61a-ac3d-43d8-847a-08ded5cff1a6
,Yönetim Kurulu Başkan Danışmanı-Direktorlar geňeşiniň başlygynyň geňeşçisi,1,review,76519d45-8548-4c87-9aec-08ded5cfb542
,Yönetim kurulu başkanı,1,,7f8ee684-1e07-4daa-86a3-08ded5cff1a6
,YÖNETİM KURULU ÜYESİ,1,,bd84f7c3-3535-4b82-86f6-08ded5cff1a6
,YÖNETİM KURULU ÜYESİ VE CFO,1,,aae76ec9-ea71-4bc9-8363-08ded5cff1a6
,YÖNETİM KURULU ÜYESİ​,1,,b3740667-6ac4-4aad-8605-08ded5cff1a6
,Yüksek İnşaat Mühendisi / M.Sc. Structural Engineer,1,review,603c1cb1-4ae3-4b28-8539-08ded5cff1a6
,Zemin ve Kimyasala Dayanıklı Kaplama İşleri Süpervizörü,1,review,471dd8fb-31b4-4f7b-863d-08ded5cff1a6
,Çalık Dijital ve Bilişim Hizmetleri A.Ş/İş Geliştirme Müdürü,1,review,b8a13827-f328-4dc7-8450-08ded5cff1a6
,Çalık Elektrik Dağıtım A.Ş. / Ticaret Yöneticisi,1,review,97d2a121-bae5-4785-85bf-08ded5cff1a6
,Çalık Enerji Kurumsal İletişim Direktörü,1,,28cec25a-b014-484a-849c-08ded5cff1a6
,Çalık Enerji Yönetim Kurulu üyesi,1,,857d9310-a7d3-41a0-9abf-08ded5cfb542
,Çalık Enerji İç Kontrol Müdürü,1,,923d2890-8fde-4e89-8484-08ded5cff1a6
,Çalık Enerji İç Kontrol Uzman Yardımcısı,1,,8fee7a1e-425f-413e-865e-08ded5cff1a6
,Çalık Holding insan kaynakları,1,,ee02c762-f760-4d4e-86ae-08ded5cff1a6
,Çalık Holding Kurumsal İletişim ve Sürdürülebilirlik Direktörü,1,review,56e2580f-4640-49e7-85f2-08ded5cff1a6
,Çalık Holding Satınalma Grup Başkanı (CPO),1,,fde0246c-f00c-41b2-85e3-08ded5cff1a6
,Çalık Holding Yönetim kurulu başkanı,1,,e1342e00-3dd6-4670-862a-08ded5cff1a6
,Çalık Holding Yönetim Kurulu Üyesi ve Strateji ve Finansal İlişkiler Grup Başkanı (CSO),1,review,1785e16c-417b-4713-85bb-08ded5cff1a6
,Çelik Baştasarımcısı,1,,1c564117-b860-43bb-8553-08ded5cff1a6
,Çelik montaj ekipbaşı,1,,5f8c9965-abf1-4b8f-9b01-08ded5cfb542
,Çelik montaj ekıpbaşı,1,,6033ab6c-7a21-4bc1-86f7-08ded5cff1a6
,Çelik Montaj Mühendisi,1,,2179b27a-85cd-4b96-8732-08ded5cff1a6
,Çelik Montaj Şefi,1,,1472fbc0-b989-4d6a-8474-08ded5cff1a6
,Çelik tedarıkçı adına toplantı-mühendis,1,,61db3097-7904-4755-8641-08ded5cff1a6
,Çelik İşleri Ekipbaşı,1,,cef7ac90-6a80-45a5-9aeb-08ded5cfb542
,ÇELİK EKİPBAŞI-Polat gurnawlaryň baş ussasy (мастер),1,review,b4e80a08-ecad-402a-8723-08ded5cff1a6
,ÇELİK KAZAN EKİPBAŞI,1,,c673c4b7-702c-4197-86d5-08ded5cff1a6
,ÇELİK MONTAJ POSTABAŞI,1,,c899aca1-1cb2-4948-8692-08ded5cff1a6
,ÇELİK POSTABAŞI,1,,5db55e15-09ef-4262-86bf-08ded5cff1a6
,Çevre Mühendisi,1,,45739e45-83a8-4c75-8519-08ded5cff1a6
,Çevre Mühendisi ( Şirket Sahibi ),1,,27638f7e-ee2d-4349-9ad3-08ded5cfb542
,ÇOĞANLI MERKEZ DEPO MÜDÜRÜ,1,,00a6dfc1-c53f-4d21-8393-08ded5cff1a6
,Ölçme Süpervizörü,1,,4a9d8eda-1f67-4114-85a7-08ded5cff1a6
,ÖLÇME İŞLERİ BİRİMİ,1,,e3044eab-97bf-430d-9b72-08ded5cfb542
,ÖLÇÜ İÇİN KAT PLANLARI / KAPI LİSTESİ,1,review,e6f1e9c1-f213-4bc8-8753-08ded5cff1a6
,Ölçüm Sorumlusu,1,,89ff6dae-c371-4cfb-8716-08ded5cff1a6
,Ölçüm Yard. Pers.,1,review,3dbbc946-668c-4f36-8731-08ded5cff1a6
,Özbekistan Merkez Depo Müdürü,1,,9500f856-3474-458e-85de-08ded5cff1a6
,özel kaynak uygulamaları,1,,09898845-48c6-486e-859b-08ded5cff1a6
,Üretim Sorumlusu,1,,fa8f4455-bac1-4420-853b-08ded5cff1a6
,ÝEG Ýewropa boýunça müdiri,1,,ebc84ed1-e020-40de-8659-08ded5cff1a6
,Ýerine yetiriji direktor,1,,bd4d172a-22be-4f34-9ac4-08ded5cfb542
,İdare işler uzmanı,1,,b8ae3879-5271-4f07-8498-08ded5cff1a6
,İdari İşler Sorumlusu,1,,e2e08162-24af-4819-9b71-08ded5cfb542
,İdari İşler Sorumlusu -Howply himiki ýükler boýunça hojalyk işleriniň jogapkäri,1,review,d1cc6354-6564-4eff-8633-08ded5cff1a6
,İdari İşler Sorumlusu-KYC taslamasy boýunça hojalygy dolandyrmak bölüminiň başlygy,1,review,d177f0d0-8cbd-4736-83c8-08ded5cff1a6
,İdari İşler Uzmanı,1,,94e9609f-12d7-4466-85a9-08ded5cff1a6
,İNCE İŞLER SÜPERVİZÖRÜ,1,,d579a0b0-fc6a-4c73-8409-08ded5cff1a6
,İnsan Kaynaklar Uzmanı,1,,9181d039-75e7-4310-85f9-08ded5cff1a6
,İNSAN KAYNAKLARI VE VİZE İŞLERİ MÜDÜRÜ,1,,a43d7bc8-f367-4419-9b0f-08ded5cfb542
,İnsan Kaynakları Uzmanı,1,,a7272e95-a8a1-4fcd-9b40-08ded5cfb542
,İnşaat Formeni-Gurluşyk işleriniň proraby,1,,086da13f-8e92-4fa2-835b-08ded5cff1a6
,İNŞAAT FORMENİ-Gurluşyk işleriniň proraby,1,,076daaa5-6daf-4d3e-8388-08ded5cff1a6
,İnşaat Grup Şefi- gurluşyk toparlarynyň başlygy,1,review,d2be4534-264d-4028-85f6-08ded5cff1a6
,İNŞAAT GRUP ŞEFİ,1,,60b5939a-133d-424c-84cf-08ded5cff1a6
,İnşaat işleri sorumlusu,1,,6a13e535-439d-45b0-84f0-08ded5cff1a6
,İnşaat Mühendislik Şefi-İnşaat Dizayn Müdürlüğü,1,review,4311339e-b722-44e1-84da-08ded5cff1a6
,İnşaat Süpervizörü,1,,685b150d-688e-4357-8379-08ded5cff1a6
,İNŞAAT SÜPERVİZÖRÜ,1,,771aa70e-1c6f-46a5-8530-08ded5cff1a6
,İnşaat tasarım şefi,1,,114a8686-ea31-4b70-870a-08ded5cff1a6
,İNŞAAT TEKNİKERİ,1,,8ba03f65-1969-410d-8654-08ded5cff1a6
,İnşaat Şefi (Kyanlı Projesi),1,,612f32da-2e46-4a4a-8572-08ded5cff1a6
,İSG UZMANI,1,,5ab0e132-1fbd-4571-84c4-08ded5cff1a6
,İSG UZMANI(iş güvenliği),1,,aef36be3-8fee-4840-84cb-08ded5cff1a6
,İSG Uzmanı,1,,2d730a7b-6f33-41d4-86e4-08ded5cff1a6
,İSG ve Çevre Şefi,1,,6cbd6ee3-bc8d-4e42-9b1a-08ded5cfb542
,İSG-Ç Süpervizörü,1,,373164f5-d18b-4294-83cd-08ded5cff1a6
,İSG-Ç İNSPEKTÖRÜ,1,,2d3d983f-be2c-4ff2-8745-08ded5cff1a6
,İSG-Ç Şefi,1,,18fb91bb-fa2f-4223-86fd-08ded5cff1a6
,İSGÇ Koordinatörü,1,,7b2a881d-1d4c-4dce-865d-08ded5cff1a6
,İSGÇ Şefi,1,,992917fb-6391-4b63-84b2-08ded5cff1a6
,İskele Formeni,1,,03d60af2-ded6-42d9-86da-08ded5cff1a6
,İstanbul Merkez ofis İnsan Kaynakları Genel müdür yardımcısı,1,review,ebac39e8-8a4b-42eb-86fc-08ded5cff1a6
,İç denetim Direktörü,1,,6ab6e920-c5b6-4775-848e-08ded5cff1a6
,İç Denetim Uzmanı,1,,acc2aeb8-ec81-404c-84e6-08ded5cff1a6
,İç Denetçi,1,,fb1f6277-20c4-462d-8649-08ded5cff1a6
,İş geliştirme ve Teklif Mühendisi Koordinatörü-Işewürligi ösdürmek we Teklip Inženeri-Utgaşdyryjysy,1,review,37e94d84-b9c5-4124-8423-08ded5cff1a6
,İş Güvenlik Direktörü,1,,7b11063f-b9e4-4ab0-866f-08ded5cff1a6
,İş Güvenlik Koordinatörü,1,,ee765ffa-0bb8-452a-84a6-08ded5cff1a6
,İŞ GÜVENLİK SÜPERVİZÖRÜ,1,,7db6475e-b24c-44cd-8722-08ded5cff1a6
,İş Sağlığı ve Güvenliği Denetmeni,1,,d1318e5d-b6fb-4549-874a-08ded5cff1a6
,İş Sağlığı ve Güvenliği Müdürü,1,,e0cd4c1f-5847-473a-848a-08ded5cff1a6
,İş veren vekili,1,,135160a2-6312-4d82-849b-08ded5cff1a6
,İşletme ve Bakım işleri müdür yardımcıs,1,,7974ecc2-8b4d-405f-8657-08ded5cff1a6
,Şantiye Şefi (HRSG),1,,957b61c4-7eb0-4b5b-8686-08ded5cff1a6
,Şantiye Şefi (Tank işleri),1,,909175e2-13b0-4472-8463-08ded5cff1a6
,ŞANTİYE MÜDÜRÜ,1,,5e7e2c2e-12ec-4763-8638-08ded5cff1a6
,Şef Makine mühendisi,1,,02c604ce-bf56-4d70-85c4-08ded5cff1a6
,"ŞEF, SATINALMA MÜDÜRLÜĞÜ (GÜRCİSTAN VE DİĞER)",1,,2f7b4227-47ac-443f-8537-08ded5cff1a6
,Şoför,1,,9e70270f-a525-42ae-8432-08ded5cff1a6
,Şoför – 24 Dingil,1,,44ea3c1c-abf6-4180-8721-08ded5cff1a6
,Ведущий менеджер по продажам,1,,a368d8c5-0f11-4168-859a-08ded5cff1a6
,Директор,1,,a64067e7-0b86-42fa-8430-08ded5cff1a6
,Технический директор,1,,92915e16-fe69-459c-861e-08ded5cff1a6
,’İnşaat Teknikeri,1,,94aa46a5-97aa-4278-868a-08ded5cff1a6
,-1821,0,,38ef5bf1-853a-4c7f-49ec-08ded3809e91
,-214,0,,8023109a-0d85-483f-4a10-08ded3809e91
,1 561 -,0,,81e5e495-6280-417f-49b6-08ded3809e91
,1 651 -,0,,b5a22a9a-3ca9-4174-4972-08ded3809e91
,1 667 -,0,,d3ffabc0-98a1-4245-49f2-08ded3809e91
,1 794 -,0,,aea223f1-ced2-4f51-4963-08ded3809e91
,1004 -,0,,11a3498b-fae7-4444-49e0-08ded3809e91
,1016 -,0,,8cda2123-dc10-4684-49a3-08ded3809e91
,1021 -,0,,c0a70061-4295-4419-498b-08ded3809e91
,1123-,0,,f5439f3b-c2a9-4e6e-49c0-08ded3809e91
,1141-,0,,3a11c1d5-a13d-4a76-4a1f-08ded3809e91
,1147-,0,,a2aacb91-ecc9-405d-4a18-08ded3809e91
,115-,0,,9e39182d-ad95-45d8-49d7-08ded3809e91
,1177-,0,,68b44997-a67d-4d13-49f9-08ded3809e91
,120579-5-2-8333,0,,e97d0d65-bf16-440a-49a1-08ded3809e91
,1216 -,0,,899277a7-f44f-4786-49af-08ded3809e91
,1310 -,0,,69441df7-509e-42a8-49fc-08ded3809e91
,1315-,0,,a624dab9-b0b5-44bd-49f3-08ded3809e91
,1345 -,0,,9cfedcc5-0634-4d1b-49a0-08ded3809e91
,1346-,0,,38f61291-83ef-4f5a-4994-08ded3809e91
,1358-,0,,2158afa6-d3c9-41d2-4a00-08ded3809e91
,1424-,0,,18b4d328-9cea-4d5c-498e-08ded3809e91
,143-,0,,8e5faa94-4d61-4fe8-49fb-08ded3809e91
,144 -,0,,6b8b1516-ae62-4aac-4981-08ded3809e91
,148 -,0,,b3761a56-8011-4087-4a0b-08ded3809e91
,148-,0,,125fd403-bf41-43dc-49b3-08ded3809e91
,1556-,0,,c4d7f562-8287-4d07-49ab-08ded3809e91
,1579-,0,,506a1d25-12b9-42ff-497f-08ded3809e91
,1596 -,0,,42bd82a6-05b5-4ed7-4980-08ded3809e91
,1599 -,0,,9b1d1f34-cbf8-49fd-49de-08ded3809e91
,1599-,0,,9f034170-1194-4270-4976-08ded3809e91
,1639 -,0,,3f71cc48-6291-4867-496b-08ded3809e91
,164-,0,,19d96223-a76b-4649-4987-08ded3809e91
,165-,0,,138ee392-0cb9-4a94-499a-08ded3809e91
,1653-,0,,daa37e4a-3aec-4604-49b0-08ded3809e91
,1656-,0,,1cd7b63b-b7e8-4b04-4992-08ded3809e91
,1667 -,0,,679d164f-1d6d-4af2-4966-08ded3809e91
,1667-,0,,9867b6ab-9351-4e01-4a0f-08ded3809e91
,1705 -,0,,4fc48eb4-bd63-4799-49b5-08ded3809e91
,1797-,0,,8db0b50b-1d3e-4181-4a09-08ded3809e91
,1830 -,0,,82c28ae7-2c2f-409a-4a08-08ded3809e91
,1830-,0,,5484e62d-b3ae-4e65-4a0c-08ded3809e91
,1831-,0,,822e716b-0b71-481b-4a1c-08ded3809e91
,1842-,0,,19e6ac6b-a739-49f1-49bb-08ded3809e91
,1847-,0,,cfc2c819-471e-49e7-498c-08ded3809e91
,1849-,0,,7b575215-fe55-4191-49b7-08ded3809e91
,1887-,0,,66331f90-3f59-43a0-49e5-08ded3809e91
,1888-,0,,76217531-5936-471d-49c6-08ded3809e91
,1894-,0,,4a68f6ba-dc99-49cb-49b8-08ded3809e91
,1903 -,0,,f95d4cbb-86ce-473e-4965-08ded3809e91
,1903-,0,,3e4d9d8c-2e47-4d20-4a07-08ded3809e91
,1911-,0,,8d5eea5d-7c5f-4dd9-49e3-08ded3809e91
,1991-,0,,bb3d0654-2b39-4ded-497d-08ded3809e91
,2 427-,0,,b40651fa-ffc3-48c2-4996-08ded3809e91
,2002-,0,,7d6022a0-9ebb-4089-49fd-08ded3809e91
,2003,0,,26c10251-6e6b-47f3-49c4-08ded3809e91
,2003 -,0,,9f5695c8-37c4-4b47-49ca-08ded3809e91
,2003-,0,,5a75a8ce-a79d-4792-4960-08ded3809e91
,2024 -,0,,5e683ae2-ac6f-41aa-49d3-08ded3809e91
,2024-,0,,66d2d9c7-3767-48b4-49f1-08ded3809e91
,21 -,0,,46631782-3afc-480b-49dd-08ded3809e91
,2125-,0,,ca789ccd-7f63-4eb0-49dc-08ded3809e91
,2137 -,0,,f84d59d7-b406-42a3-49d0-08ded3809e91
,2159-,0,,865e935d-f4ed-4143-496c-08ded3809e91
,218565-1-2-2149,0,,999858e6-b27a-405d-498f-08ded3809e91
,218985-5-2-2149,0,,019c122b-ce33-465a-4a0a-08ded3809e91
,219735-8-2-2149,0,,5d215bee-2142-4a49-49c8-08ded3809e91
,2209-,0,,652e7354-6013-4405-4a12-08ded3809e91
,2210 -,0,,bb847ce5-787a-4ff9-4964-08ded3809e91
,2210-,0,,3d196dc5-0988-4bc3-49fe-08ded3809e91
,2228-,0,,0150d0f9-8031-4ea2-49ac-08ded3809e91
,2263 -,0,,b4714e85-6373-4246-49a6-08ded3809e91
,227850-7-1-1222,0,,a0c50c98-fef8-41dd-4a13-08ded3809e91
,227865-1-1-1226,0,,1febae94-9b24-4aa1-49e6-08ded3809e91
,2296,0,,339a1c67-0e91-4617-49fa-08ded3809e91
,2296-,0,,18a95b7c-70ff-4423-49b2-08ded3809e91
,2302-,0,,b5a9d0bc-5084-4533-49f0-08ded3809e91
,233 -,0,,a80f862a-0969-4cad-4975-08ded3809e91
,236190-9-1-1229 (truboprowod we gurallaryn bas hünärmeni (Ebop),0,review,dab95000-3aad-43ff-49a5-08ded3809e91
,2367-,0,,0d408f77-855b-4318-496a-08ded3809e91
,2375-,0,,716e805f-3150-4900-4986-08ded3809e91
,2389-,0,,1668188b-f4b4-42df-49c3-08ded3809e91
,2402 -,0,,304e9084-3cc4-46aa-499e-08ded3809e91
,2402-,0,,a0ebeb6b-40af-4836-4973-08ded3809e91
,2414-,0,,e01c63b6-2d6f-495a-4991-08ded3809e91
,2430 -,0,,1977bbfd-a095-4986-4995-08ded3809e91
,2430-,0,,a4471e7b-3b59-4395-4a20-08ded3809e91
,245640-3-2-2132 (ýokary tehnologiýa enjamlarynyn inženeri),0,review,132da6e3-e00c-4d34-49aa-08ded3809e91
,2473 -,0,,b79f14a8-4b4b-45c1-497e-08ded3809e91
,2473-,0,,974acfe5-ff65-4b2e-499d-08ded3809e91
,248055-4-2-4121,0,,a36eaecb-5699-4c47-49d6-08ded3809e91
,248640-1-2-3119,0,,03875850-f539-4136-499c-08ded3809e91
,2491 -,0,,8848cab0-9afb-42bb-4a16-08ded3809e91
,2512-,0,,7c6e2c9c-16c9-45d4-49cf-08ded3809e91
,2529 -,0,,fcf350f6-bf5a-4de8-49eb-08ded3809e91
,2602-,0,,5deccd7a-7d4e-4278-4a0e-08ded3809e91
,2607-,0,,db3bd54a-a9be-4b5c-49e7-08ded3809e91
,2639 -,0,,9ceec52f-489c-40ba-49cc-08ded3809e91
,2642 -,0,,21c046c8-20a5-4863-4a14-08ded3809e91
,2642-,0,,bc939f1e-a192-4fcf-4a01-08ded3809e91
,2659 -,0,,c53b7df0-92d4-43e2-4a21-08ded3809e91
,286-,0,,9c9e9eba-c584-4e20-49e8-08ded3809e91
,327-,0,,e2a36152-a7b9-4270-49d2-08ded3809e91
,328-,0,,63712f88-ab06-4193-4a1a-08ded3809e91
,335-,0,,55676194-483e-49c9-4977-08ded3809e91
,336-,0,,cd802075-66d0-4714-499b-08ded3809e91
,341-,0,,4cf7bd39-42b4-4fc5-4a04-08ded3809e91
,345 -,0,,c0518c9b-5341-4864-4990-08ded3809e91
,345-,0,,af8eeb05-36bc-492f-4979-08ded3809e91
,392-,0,,ef63c7be-f2ca-45e2-49cd-08ded3809e91
,407-,0,,4efbabd8-6118-45fe-4a17-08ded3809e91
,410 -,0,,bcee7539-1fc9-44a2-4a1b-08ded3809e91
,436-,0,,4ff17129-35fd-4135-4a03-08ded3809e91
,452-,0,,b4031da3-b9dc-4641-49ba-08ded3809e91
,456-,0,,8bb083aa-7d7a-4212-49bf-08ded3809e91
,468-,0,,5bc72cce-ec9d-4ed6-4a05-08ded3809e91
,489 -,0,,282a01b0-7ed7-4bce-4983-08ded3809e91
,489-,0,,1ec8124c-d7b6-4967-4970-08ded3809e91
,511 -,0,,2b08a6ef-7407-440b-49d1-08ded3809e91
,513 -,0,,2dced6f6-2bb8-4e5c-49f5-08ded3809e91
,528-,0,,30557547-50c4-44b6-49db-08ded3809e91
,539 -,0,,57cf5a10-965f-463d-499f-08ded3809e91
,567 -,0,,0f12eebd-3079-49e9-49d5-08ded3809e91
,567-,0,,f991f085-97f8-4625-49a4-08ded3809e91
,575 -,0,,66db5068-5050-46e1-49ce-08ded3809e91
,575-,0,,a978aca4-4551-4920-4993-08ded3809e91
,578-,0,,84905c49-ded4-44ef-49a7-08ded3809e91
,592-,0,,001b20a4-a519-42d3-496f-08ded3809e91
,616 -,0,,5e40d0bd-40fd-464c-49ee-08ded3809e91
,616-,0,,db3f3248-0aa8-4cee-49f6-08ded3809e91
,626-,0,,61c96b85-4939-4d4a-49da-08ded3809e91
,634 -,0,,a8d6e895-d0ab-46b5-4962-08ded3809e91
,635-,0,,da3cbea1-f438-49d7-4989-08ded3809e91
,637-,0,,87acda74-b94c-4198-49bd-08ded3809e91
,640-,0,,d684aa63-4d5c-4246-49a8-08ded3809e91
,651-,0,,10290000-c6bb-4114-49ae-08ded3809e91
,664-,0,,6f3a9fad-489a-4a98-4961-08ded3809e91
,693,0,,d50bf7e9-e8c2-4fd4-498a-08ded3809e91
,695-,0,,77960297-1979-43cd-4988-08ded3809e91
,706-,0,,ad69c913-462b-4064-49c5-08ded3809e91
,750-,0,,f69bcbad-3b9b-411d-496d-08ded3809e91
,754-,0,,019ecadc-c32d-4e4d-49f7-08ded3809e91
,767 -,0,,d62c4471-debf-486d-4999-08ded3809e91
,897 -,0,,d724400d-839e-4036-49d4-08ded3809e91
,899-,0,,45d26164-edf2-4711-4969-08ded3809e91
,946-,0,,f4626959-bc85-4a5a-4967-08ded3809e91
,975-,0,,aa886bc7-93f1-465b-4a19-08ded3809e91
,976-,0,,2f7ffc76-b45b-47a1-4a11-08ded3809e91
,995 -,0,,9236a572-2723-4b9d-49d9-08ded3809e91
,995-,0,,3933cee5-07bf-4779-49a9-08ded3809e91
